filepath,label
/mnt/c/Users/eddyarias/Sovos/Sovos-Per-Emp/TIC/DataTIC/ISIC-images//ISIC_0064331.jpg,1
/mnt/c/Users/eddyarias/Sovos/Sovos-Per-Emp/TIC/DataTIC/ISIC-images//ISIC_0060372.jpg,1
/mnt/c/Users/eddyarias/Sovos/Sovos-Per-Emp/TIC/DataTIC/ISIC-images//ISIC_0059585.jpg,1
/mnt/c/Users/eddyarias/Sovos/Sovos-Per-Emp/TIC/DataTIC/ISIC-images//ISIC_0060907.jpg,0
/mnt/c/Users/eddyarias/Sovos/Sovos-Per-Emp/TIC/DataTIC/ISIC-images//ISIC_0057039.jpg,0
/mnt/c/Users/eddyarias/Sovos/Sovos-Per-Emp/TIC/DataTIC/ISIC-images//ISIC_0062463.jpg,1
/mnt/c/Users/eddyarias/Sovos/Sovos-Per-Emp/TIC/DataTIC/ISIC-images//ISIC_0065433.jpg,1
/mnt/c/Users/eddyarias/Sovos/Sovos-Per-Emp/TIC/DataTIC/ISIC-images//ISIC_0067074.jpg,0
/mnt/c/Users/eddyarias/Sovos/Sovos-Per-Emp/TIC/DataTIC/ISIC-images//ISIC_0056008.jpg,0
/mnt/c/Users/eddyarias/Sovos/Sovos-Per-Emp/TIC/DataTIC/ISIC-images//ISIC_0060798.jpg,1
/mnt/c/Users/eddyarias/Sovos/Sovos-Per-Emp/TIC/DataTIC/ISIC-images//ISIC_0062074.jpg,1
/mnt/c/Users/eddyarias/Sovos/Sovos-Per-Emp/TIC/DataTIC/ISIC-images//ISIC_0064392.jpg,1
/mnt/c/Users/eddyarias/Sovos/Sovos-Per-Emp/TIC/DataTIC/ISIC-images//ISIC_0062625.jpg,1
/mnt/c/Users/eddyarias/Sovos/Sovos-Per-Emp/TIC/DataTIC/ISIC-images//ISIC_0057551.jpg,1
/mnt/c/Users/eddyarias/Sovos/Sovos-Per-Emp/TIC/DataTIC/ISIC-images//ISIC_0057169.jpg,1
/mnt/c/Users/eddyarias/Sovos/Sovos-Per-Emp/TIC/DataTIC/ISIC-images//ISIC_0069363.jpg,0
/mnt/c/Users/eddyarias/Sovos/Sovos-Per-Emp/TIC/DataTIC/ISIC-images//ISIC_0056440.jpg,1
/mnt/c/Users/eddyarias/Sovos/Sovos-Per-Emp/TIC/DataTIC/ISIC-images//ISIC_0066772.jpg,0
/mnt/c/Users/eddyarias/Sovos/Sovos-Per-Emp/TIC/DataTIC/ISIC-images//ISIC_0063730.jpg,1
/mnt/c/Users/eddyarias/Sovos/Sovos-Per-Emp/TIC/DataTIC/ISIC-images//ISIC_0059703.jpg,1
/mnt/c/Users/eddyarias/Sovos/Sovos-Per-Emp/TIC/DataTIC/ISIC-images//ISIC_0059213.jpg,1
/mnt/c/Users/eddyarias/Sovos/Sovos-Per-Emp/TIC/DataTIC/ISIC-images//ISIC_0071556.jpg,0
/mnt/c/Users/eddyarias/Sovos/Sovos-Per-Emp/TIC/DataTIC/ISIC-images//ISIC_0071819.jpg,0
/mnt/c/Users/eddyarias/Sovos/Sovos-Per-Emp/TIC/DataTIC/ISIC-images//ISIC_0069781.jpg,1
/mnt/c/Users/eddyarias/Sovos/Sovos-Per-Emp/TIC/DataTIC/ISIC-images//ISIC_0059593.jpg,1
/mnt/c/Users/eddyarias/Sovos/Sovos-Per-Emp/TIC/DataTIC/ISIC-images//ISIC_0053840.jpg,1
/mnt/c/Users/eddyarias/Sovos/Sovos-Per-Emp/TIC/DataTIC/ISIC-images//ISIC_0055807.jpg,0
/mnt/c/Users/eddyarias/Sovos/Sovos-Per-Emp/TIC/DataTIC/ISIC-images//ISIC_0062044.jpg,0
/mnt/c/Users/eddyarias/Sovos/Sovos-Per-Emp/TIC/DataTIC/ISIC-images//ISIC_0061677.jpg,1
/mnt/c/Users/eddyarias/Sovos/Sovos-Per-Emp/TIC/DataTIC/ISIC-images//ISIC_0070919.jpg,0
/mnt/c/Users/eddyarias/Sovos/Sovos-Per-Emp/TIC/DataTIC/ISIC-images//ISIC_0072283.jpg,0
/mnt/c/Users/eddyarias/Sovos/Sovos-Per-Emp/TIC/DataTIC/ISIC-images//ISIC_0058474.jpg,1
/mnt/c/Users/eddyarias/Sovos/Sovos-Per-Emp/TIC/DataTIC/ISIC-images//ISIC_0066583.jpg,0
/mnt/c/Users/eddyarias/Sovos/Sovos-Per-Emp/TIC/DataTIC/ISIC-images//ISIC_0056713.jpg,0
/mnt/c/Users/eddyarias/Sovos/Sovos-Per-Emp/TIC/DataTIC/ISIC-images//ISIC_0059326.jpg,0
/mnt/c/Users/eddyarias/Sovos/Sovos-Per-Emp/TIC/DataTIC/ISIC-images//ISIC_0056863.jpg,1
/mnt/c/Users/eddyarias/Sovos/Sovos-Per-Emp/TIC/DataTIC/ISIC-images//ISIC_0060992.jpg,0
/mnt/c/Users/eddyarias/Sovos/Sovos-Per-Emp/TIC/DataTIC/ISIC-images//ISIC_0068344.jpg,0
/mnt/c/Users/eddyarias/Sovos/Sovos-Per-Emp/TIC/DataTIC/ISIC-images//ISIC_0069907.jpg,1
/mnt/c/Users/eddyarias/Sovos/Sovos-Per-Emp/TIC/DataTIC/ISIC-images//ISIC_0065579.jpg,1
/mnt/c/Users/eddyarias/Sovos/Sovos-Per-Emp/TIC/DataTIC/ISIC-images//ISIC_0063257.jpg,1
/mnt/c/Users/eddyarias/Sovos/Sovos-Per-Emp/TIC/DataTIC/ISIC-images//ISIC_0065527.jpg,1
/mnt/c/Users/eddyarias/Sovos/Sovos-Per-Emp/TIC/DataTIC/ISIC-images//ISIC_0054393.jpg,0
/mnt/c/Users/eddyarias/Sovos/Sovos-Per-Emp/TIC/DataTIC/ISIC-images//ISIC_0062285.jpg,0
/mnt/c/Users/eddyarias/Sovos/Sovos-Per-Emp/TIC/DataTIC/ISIC-images//ISIC_0059431.jpg,1
/mnt/c/Users/eddyarias/Sovos/Sovos-Per-Emp/TIC/DataTIC/ISIC-images//ISIC_0069030.jpg,1
/mnt/c/Users/eddyarias/Sovos/Sovos-Per-Emp/TIC/DataTIC/ISIC-images//ISIC_0070715.jpg,0
/mnt/c/Users/eddyarias/Sovos/Sovos-Per-Emp/TIC/DataTIC/ISIC-images//ISIC_0066829.jpg,0
/mnt/c/Users/eddyarias/Sovos/Sovos-Per-Emp/TIC/DataTIC/ISIC-images//ISIC_0063243.jpg,1
/mnt/c/Users/eddyarias/Sovos/Sovos-Per-Emp/TIC/DataTIC/ISIC-images//ISIC_0062309.jpg,0
/mnt/c/Users/eddyarias/Sovos/Sovos-Per-Emp/TIC/DataTIC/ISIC-images//ISIC_0060240.jpg,0
/mnt/c/Users/eddyarias/Sovos/Sovos-Per-Emp/TIC/DataTIC/ISIC-images//ISIC_0068135.jpg,0
/mnt/c/Users/eddyarias/Sovos/Sovos-Per-Emp/TIC/DataTIC/ISIC-images//ISIC_0071232.jpg,0
/mnt/c/Users/eddyarias/Sovos/Sovos-Per-Emp/TIC/DataTIC/ISIC-images//ISIC_0066801.jpg,1
/mnt/c/Users/eddyarias/Sovos/Sovos-Per-Emp/TIC/DataTIC/ISIC-images//ISIC_0060668.jpg,0
/mnt/c/Users/eddyarias/Sovos/Sovos-Per-Emp/TIC/DataTIC/ISIC-images//ISIC_0072413.jpg,1
/mnt/c/Users/eddyarias/Sovos/Sovos-Per-Emp/TIC/DataTIC/ISIC-images//ISIC_0067659.jpg,1
/mnt/c/Users/eddyarias/Sovos/Sovos-Per-Emp/TIC/DataTIC/ISIC-images//ISIC_0071455.jpg,1
/mnt/c/Users/eddyarias/Sovos/Sovos-Per-Emp/TIC/DataTIC/ISIC-images//ISIC_0054947.jpg,0
/mnt/c/Users/eddyarias/Sovos/Sovos-Per-Emp/TIC/DataTIC/ISIC-images//ISIC_0055660.jpg,1
/mnt/c/Users/eddyarias/Sovos/Sovos-Per-Emp/TIC/DataTIC/ISIC-images//ISIC_0062844.jpg,1
/mnt/c/Users/eddyarias/Sovos/Sovos-Per-Emp/TIC/DataTIC/ISIC-images//ISIC_0056964.jpg,1
/mnt/c/Users/eddyarias/Sovos/Sovos-Per-Emp/TIC/DataTIC/ISIC-images//ISIC_0063448.jpg,0
/mnt/c/Users/eddyarias/Sovos/Sovos-Per-Emp/TIC/DataTIC/ISIC-images//ISIC_0067336.jpg,0
/mnt/c/Users/eddyarias/Sovos/Sovos-Per-Emp/TIC/DataTIC/ISIC-images//ISIC_0056514.jpg,0
/mnt/c/Users/eddyarias/Sovos/Sovos-Per-Emp/TIC/DataTIC/ISIC-images//ISIC_0061301.jpg,1
/mnt/c/Users/eddyarias/Sovos/Sovos-Per-Emp/TIC/DataTIC/ISIC-images//ISIC_0056141.jpg,1
/mnt/c/Users/eddyarias/Sovos/Sovos-Per-Emp/TIC/DataTIC/ISIC-images//ISIC_0064664.jpg,0
/mnt/c/Users/eddyarias/Sovos/Sovos-Per-Emp/TIC/DataTIC/ISIC-images//ISIC_0069391.jpg,1
/mnt/c/Users/eddyarias/Sovos/Sovos-Per-Emp/TIC/DataTIC/ISIC-images//ISIC_0058352.jpg,0
/mnt/c/Users/eddyarias/Sovos/Sovos-Per-Emp/TIC/DataTIC/ISIC-images//ISIC_0070970.jpg,0
/mnt/c/Users/eddyarias/Sovos/Sovos-Per-Emp/TIC/DataTIC/ISIC-images//ISIC_0064090.jpg,1
/mnt/c/Users/eddyarias/Sovos/Sovos-Per-Emp/TIC/DataTIC/ISIC-images//ISIC_0063889.jpg,0
/mnt/c/Users/eddyarias/Sovos/Sovos-Per-Emp/TIC/DataTIC/ISIC-images//ISIC_0055454.jpg,1
/mnt/c/Users/eddyarias/Sovos/Sovos-Per-Emp/TIC/DataTIC/ISIC-images//ISIC_0063726.jpg,1
/mnt/c/Users/eddyarias/Sovos/Sovos-Per-Emp/TIC/DataTIC/ISIC-images//ISIC_0058265.jpg,0
/mnt/c/Users/eddyarias/Sovos/Sovos-Per-Emp/TIC/DataTIC/ISIC-images//ISIC_0066698.jpg,1
/mnt/c/Users/eddyarias/Sovos/Sovos-Per-Emp/TIC/DataTIC/ISIC-images//ISIC_0058396.jpg,0
/mnt/c/Users/eddyarias/Sovos/Sovos-Per-Emp/TIC/DataTIC/ISIC-images//ISIC_0063232.jpg,0
/mnt/c/Users/eddyarias/Sovos/Sovos-Per-Emp/TIC/DataTIC/ISIC-images//ISIC_0063347.jpg,1
/mnt/c/Users/eddyarias/Sovos/Sovos-Per-Emp/TIC/DataTIC/ISIC-images//ISIC_0062278.jpg,1
/mnt/c/Users/eddyarias/Sovos/Sovos-Per-Emp/TIC/DataTIC/ISIC-images//ISIC_0072432.jpg,0
/mnt/c/Users/eddyarias/Sovos/Sovos-Per-Emp/TIC/DataTIC/ISIC-images//ISIC_0071904.jpg,1
/mnt/c/Users/eddyarias/Sovos/Sovos-Per-Emp/TIC/DataTIC/ISIC-images//ISIC_0061083.jpg,1
/mnt/c/Users/eddyarias/Sovos/Sovos-Per-Emp/TIC/DataTIC/ISIC-images//ISIC_0056803.jpg,0
/mnt/c/Users/eddyarias/Sovos/Sovos-Per-Emp/TIC/DataTIC/ISIC-images//ISIC_0054494.jpg,0
/mnt/c/Users/eddyarias/Sovos/Sovos-Per-Emp/TIC/DataTIC/ISIC-images//ISIC_0068391.jpg,0
/mnt/c/Users/eddyarias/Sovos/Sovos-Per-Emp/TIC/DataTIC/ISIC-images//ISIC_0070095.jpg,1
/mnt/c/Users/eddyarias/Sovos/Sovos-Per-Emp/TIC/DataTIC/ISIC-images//ISIC_0066559.jpg,1
/mnt/c/Users/eddyarias/Sovos/Sovos-Per-Emp/TIC/DataTIC/ISIC-images//ISIC_0058633.jpg,0
/mnt/c/Users/eddyarias/Sovos/Sovos-Per-Emp/TIC/DataTIC/ISIC-images//ISIC_0064203.jpg,0
/mnt/c/Users/eddyarias/Sovos/Sovos-Per-Emp/TIC/DataTIC/ISIC-images//ISIC_0059475.jpg,1
/mnt/c/Users/eddyarias/Sovos/Sovos-Per-Emp/TIC/DataTIC/ISIC-images//ISIC_0067543.jpg,1
/mnt/c/Users/eddyarias/Sovos/Sovos-Per-Emp/TIC/DataTIC/ISIC-images//ISIC_0061505.jpg,0
/mnt/c/Users/eddyarias/Sovos/Sovos-Per-Emp/TIC/DataTIC/ISIC-images//ISIC_0068438.jpg,1
/mnt/c/Users/eddyarias/Sovos/Sovos-Per-Emp/TIC/DataTIC/ISIC-images//ISIC_0060470.jpg,0
/mnt/c/Users/eddyarias/Sovos/Sovos-Per-Emp/TIC/DataTIC/ISIC-images//ISIC_0063032.jpg,1
/mnt/c/Users/eddyarias/Sovos/Sovos-Per-Emp/TIC/DataTIC/ISIC-images//ISIC_0070858.jpg,1
/mnt/c/Users/eddyarias/Sovos/Sovos-Per-Emp/TIC/DataTIC/ISIC-images//ISIC_0053992.jpg,0
/mnt/c/Users/eddyarias/Sovos/Sovos-Per-Emp/TIC/DataTIC/ISIC-images//ISIC_0070549.jpg,1
/mnt/c/Users/eddyarias/Sovos/Sovos-Per-Emp/TIC/DataTIC/ISIC-images//ISIC_0059809.jpg,1
/mnt/c/Users/eddyarias/Sovos/Sovos-Per-Emp/TIC/DataTIC/ISIC-images//ISIC_0054838.jpg,0
/mnt/c/Users/eddyarias/Sovos/Sovos-Per-Emp/TIC/DataTIC/ISIC-images//ISIC_0055074.jpg,1
/mnt/c/Users/eddyarias/Sovos/Sovos-Per-Emp/TIC/DataTIC/ISIC-images//ISIC_0070805.jpg,1
/mnt/c/Users/eddyarias/Sovos/Sovos-Per-Emp/TIC/DataTIC/ISIC-images//ISIC_0057751.jpg,1
/mnt/c/Users/eddyarias/Sovos/Sovos-Per-Emp/TIC/DataTIC/ISIC-images//ISIC_0068884.jpg,1
/mnt/c/Users/eddyarias/Sovos/Sovos-Per-Emp/TIC/DataTIC/ISIC-images//ISIC_0061946.jpg,1
/mnt/c/Users/eddyarias/Sovos/Sovos-Per-Emp/TIC/DataTIC/ISIC-images//ISIC_0070421.jpg,1
/mnt/c/Users/eddyarias/Sovos/Sovos-Per-Emp/TIC/DataTIC/ISIC-images//ISIC_0053917.jpg,1
/mnt/c/Users/eddyarias/Sovos/Sovos-Per-Emp/TIC/DataTIC/ISIC-images//ISIC_0057024.jpg,0
/mnt/c/Users/eddyarias/Sovos/Sovos-Per-Emp/TIC/DataTIC/ISIC-images//ISIC_0069606.jpg,0
/mnt/c/Users/eddyarias/Sovos/Sovos-Per-Emp/TIC/DataTIC/ISIC-images//ISIC_0066765.jpg,0
/mnt/c/Users/eddyarias/Sovos/Sovos-Per-Emp/TIC/DataTIC/ISIC-images//ISIC_0055334.jpg,1
/mnt/c/Users/eddyarias/Sovos/Sovos-Per-Emp/TIC/DataTIC/ISIC-images//ISIC_0061368.jpg,1
/mnt/c/Users/eddyarias/Sovos/Sovos-Per-Emp/TIC/DataTIC/ISIC-images//ISIC_0066728.jpg,0
/mnt/c/Users/eddyarias/Sovos/Sovos-Per-Emp/TIC/DataTIC/ISIC-images//ISIC_0058612.jpg,1
/mnt/c/Users/eddyarias/Sovos/Sovos-Per-Emp/TIC/DataTIC/ISIC-images//ISIC_0062916.jpg,0
/mnt/c/Users/eddyarias/Sovos/Sovos-Per-Emp/TIC/DataTIC/ISIC-images//ISIC_0059785.jpg,1
/mnt/c/Users/eddyarias/Sovos/Sovos-Per-Emp/TIC/DataTIC/ISIC-images//ISIC_0072714.jpg,1
/mnt/c/Users/eddyarias/Sovos/Sovos-Per-Emp/TIC/DataTIC/ISIC-images//ISIC_0073008.jpg,0
/mnt/c/Users/eddyarias/Sovos/Sovos-Per-Emp/TIC/DataTIC/ISIC-images//ISIC_0069334.jpg,0
/mnt/c/Users/eddyarias/Sovos/Sovos-Per-Emp/TIC/DataTIC/ISIC-images//ISIC_0070315.jpg,1
/mnt/c/Users/eddyarias/Sovos/Sovos-Per-Emp/TIC/DataTIC/ISIC-images//ISIC_0072026.jpg,0
/mnt/c/Users/eddyarias/Sovos/Sovos-Per-Emp/TIC/DataTIC/ISIC-images//ISIC_0071968.jpg,1
/mnt/c/Users/eddyarias/Sovos/Sovos-Per-Emp/TIC/DataTIC/ISIC-images//ISIC_0060669.jpg,0
/mnt/c/Users/eddyarias/Sovos/Sovos-Per-Emp/TIC/DataTIC/ISIC-images//ISIC_0064479.jpg,1
/mnt/c/Users/eddyarias/Sovos/Sovos-Per-Emp/TIC/DataTIC/ISIC-images//ISIC_0055316.jpg,0
/mnt/c/Users/eddyarias/Sovos/Sovos-Per-Emp/TIC/DataTIC/ISIC-images//ISIC_0058605.jpg,0
/mnt/c/Users/eddyarias/Sovos/Sovos-Per-Emp/TIC/DataTIC/ISIC-images//ISIC_0057622.jpg,0
/mnt/c/Users/eddyarias/Sovos/Sovos-Per-Emp/TIC/DataTIC/ISIC-images//ISIC_0072398.jpg,0
/mnt/c/Users/eddyarias/Sovos/Sovos-Per-Emp/TIC/DataTIC/ISIC-images//ISIC_0071730.jpg,1
/mnt/c/Users/eddyarias/Sovos/Sovos-Per-Emp/TIC/DataTIC/ISIC-images//ISIC_0067554.jpg,1
/mnt/c/Users/eddyarias/Sovos/Sovos-Per-Emp/TIC/DataTIC/ISIC-images//ISIC_0057302.jpg,1
/mnt/c/Users/eddyarias/Sovos/Sovos-Per-Emp/TIC/DataTIC/ISIC-images//ISIC_0068792.jpg,1
/mnt/c/Users/eddyarias/Sovos/Sovos-Per-Emp/TIC/DataTIC/ISIC-images//ISIC_0066740.jpg,0
/mnt/c/Users/eddyarias/Sovos/Sovos-Per-Emp/TIC/DataTIC/ISIC-images//ISIC_0068322.jpg,1
/mnt/c/Users/eddyarias/Sovos/Sovos-Per-Emp/TIC/DataTIC/ISIC-images//ISIC_0072750.jpg,1
/mnt/c/Users/eddyarias/Sovos/Sovos-Per-Emp/TIC/DataTIC/ISIC-images//ISIC_0060290.jpg,1
/mnt/c/Users/eddyarias/Sovos/Sovos-Per-Emp/TIC/DataTIC/ISIC-images//ISIC_0053526.jpg,1
/mnt/c/Users/eddyarias/Sovos/Sovos-Per-Emp/TIC/DataTIC/ISIC-images//ISIC_0056486.jpg,1
/mnt/c/Users/eddyarias/Sovos/Sovos-Per-Emp/TIC/DataTIC/ISIC-images//ISIC_0068041.jpg,1
/mnt/c/Users/eddyarias/Sovos/Sovos-Per-Emp/TIC/DataTIC/ISIC-images//ISIC_0061547.jpg,1
/mnt/c/Users/eddyarias/Sovos/Sovos-Per-Emp/TIC/DataTIC/ISIC-images//ISIC_0067593.jpg,1
/mnt/c/Users/eddyarias/Sovos/Sovos-Per-Emp/TIC/DataTIC/ISIC-images//ISIC_0055019.jpg,1
/mnt/c/Users/eddyarias/Sovos/Sovos-Per-Emp/TIC/DataTIC/ISIC-images//ISIC_0070271.jpg,0
/mnt/c/Users/eddyarias/Sovos/Sovos-Per-Emp/TIC/DataTIC/ISIC-images//ISIC_0061477.jpg,0
/mnt/c/Users/eddyarias/Sovos/Sovos-Per-Emp/TIC/DataTIC/ISIC-images//ISIC_0054394.jpg,1
/mnt/c/Users/eddyarias/Sovos/Sovos-Per-Emp/TIC/DataTIC/ISIC-images//ISIC_0062815.jpg,0
/mnt/c/Users/eddyarias/Sovos/Sovos-Per-Emp/TIC/DataTIC/ISIC-images//ISIC_0063544.jpg,0
/mnt/c/Users/eddyarias/Sovos/Sovos-Per-Emp/TIC/DataTIC/ISIC-images//ISIC_0070250.jpg,1
/mnt/c/Users/eddyarias/Sovos/Sovos-Per-Emp/TIC/DataTIC/ISIC-images//ISIC_0055960.jpg,1
/mnt/c/Users/eddyarias/Sovos/Sovos-Per-Emp/TIC/DataTIC/ISIC-images//ISIC_0061412.jpg,1
/mnt/c/Users/eddyarias/Sovos/Sovos-Per-Emp/TIC/DataTIC/ISIC-images//ISIC_0062242.jpg,1
/mnt/c/Users/eddyarias/Sovos/Sovos-Per-Emp/TIC/DataTIC/ISIC-images//ISIC_0073018.jpg,1
/mnt/c/Users/eddyarias/Sovos/Sovos-Per-Emp/TIC/DataTIC/ISIC-images//ISIC_0071344.jpg,0
/mnt/c/Users/eddyarias/Sovos/Sovos-Per-Emp/TIC/DataTIC/ISIC-images//ISIC_0062752.jpg,1
/mnt/c/Users/eddyarias/Sovos/Sovos-Per-Emp/TIC/DataTIC/ISIC-images//ISIC_0069490.jpg,0
/mnt/c/Users/eddyarias/Sovos/Sovos-Per-Emp/TIC/DataTIC/ISIC-images//ISIC_0057928.jpg,0
/mnt/c/Users/eddyarias/Sovos/Sovos-Per-Emp/TIC/DataTIC/ISIC-images//ISIC_0055320.jpg,0
/mnt/c/Users/eddyarias/Sovos/Sovos-Per-Emp/TIC/DataTIC/ISIC-images//ISIC_0054563.jpg,1
/mnt/c/Users/eddyarias/Sovos/Sovos-Per-Emp/TIC/DataTIC/ISIC-images//ISIC_0070279.jpg,0
/mnt/c/Users/eddyarias/Sovos/Sovos-Per-Emp/TIC/DataTIC/ISIC-images//ISIC_0055058.jpg,1
/mnt/c/Users/eddyarias/Sovos/Sovos-Per-Emp/TIC/DataTIC/ISIC-images//ISIC_0071808.jpg,1
/mnt/c/Users/eddyarias/Sovos/Sovos-Per-Emp/TIC/DataTIC/ISIC-images//ISIC_0053801.jpg,1
/mnt/c/Users/eddyarias/Sovos/Sovos-Per-Emp/TIC/DataTIC/ISIC-images//ISIC_0060325.jpg,0
/mnt/c/Users/eddyarias/Sovos/Sovos-Per-Emp/TIC/DataTIC/ISIC-images//ISIC_0058464.jpg,0
/mnt/c/Users/eddyarias/Sovos/Sovos-Per-Emp/TIC/DataTIC/ISIC-images//ISIC_0055583.jpg,0
/mnt/c/Users/eddyarias/Sovos/Sovos-Per-Emp/TIC/DataTIC/ISIC-images//ISIC_0064585.jpg,1
/mnt/c/Users/eddyarias/Sovos/Sovos-Per-Emp/TIC/DataTIC/ISIC-images//ISIC_0054013.jpg,0
/mnt/c/Users/eddyarias/Sovos/Sovos-Per-Emp/TIC/DataTIC/ISIC-images//ISIC_0070443.jpg,0
/mnt/c/Users/eddyarias/Sovos/Sovos-Per-Emp/TIC/DataTIC/ISIC-images//ISIC_0064711.jpg,1
/mnt/c/Users/eddyarias/Sovos/Sovos-Per-Emp/TIC/DataTIC/ISIC-images//ISIC_0061875.jpg,0
/mnt/c/Users/eddyarias/Sovos/Sovos-Per-Emp/TIC/DataTIC/ISIC-images//ISIC_0058293.jpg,0
/mnt/c/Users/eddyarias/Sovos/Sovos-Per-Emp/TIC/DataTIC/ISIC-images//ISIC_0058383.jpg,1
/mnt/c/Users/eddyarias/Sovos/Sovos-Per-Emp/TIC/DataTIC/ISIC-images//ISIC_0059828.jpg,0
/mnt/c/Users/eddyarias/Sovos/Sovos-Per-Emp/TIC/DataTIC/ISIC-images//ISIC_0070163.jpg,1
/mnt/c/Users/eddyarias/Sovos/Sovos-Per-Emp/TIC/DataTIC/ISIC-images//ISIC_0064376.jpg,1
/mnt/c/Users/eddyarias/Sovos/Sovos-Per-Emp/TIC/DataTIC/ISIC-images//ISIC_0054316.jpg,1
/mnt/c/Users/eddyarias/Sovos/Sovos-Per-Emp/TIC/DataTIC/ISIC-images//ISIC_0055581.jpg,0
/mnt/c/Users/eddyarias/Sovos/Sovos-Per-Emp/TIC/DataTIC/ISIC-images//ISIC_0066125.jpg,1
/mnt/c/Users/eddyarias/Sovos/Sovos-Per-Emp/TIC/DataTIC/ISIC-images//ISIC_0071567.jpg,0
/mnt/c/Users/eddyarias/Sovos/Sovos-Per-Emp/TIC/DataTIC/ISIC-images//ISIC_0068401.jpg,1
/mnt/c/Users/eddyarias/Sovos/Sovos-Per-Emp/TIC/DataTIC/ISIC-images//ISIC_0058306.jpg,1
/mnt/c/Users/eddyarias/Sovos/Sovos-Per-Emp/TIC/DataTIC/ISIC-images//ISIC_0066288.jpg,0
/mnt/c/Users/eddyarias/Sovos/Sovos-Per-Emp/TIC/DataTIC/ISIC-images//ISIC_0060931.jpg,1
/mnt/c/Users/eddyarias/Sovos/Sovos-Per-Emp/TIC/DataTIC/ISIC-images//ISIC_0060510.jpg,1
/mnt/c/Users/eddyarias/Sovos/Sovos-Per-Emp/TIC/DataTIC/ISIC-images//ISIC_0062690.jpg,1
/mnt/c/Users/eddyarias/Sovos/Sovos-Per-Emp/TIC/DataTIC/ISIC-images//ISIC_0054932.jpg,1
/mnt/c/Users/eddyarias/Sovos/Sovos-Per-Emp/TIC/DataTIC/ISIC-images//ISIC_0058549.jpg,1
/mnt/c/Users/eddyarias/Sovos/Sovos-Per-Emp/TIC/DataTIC/ISIC-images//ISIC_0068928.jpg,1
/mnt/c/Users/eddyarias/Sovos/Sovos-Per-Emp/TIC/DataTIC/ISIC-images//ISIC_0071988.jpg,1
/mnt/c/Users/eddyarias/Sovos/Sovos-Per-Emp/TIC/DataTIC/ISIC-images//ISIC_0057597.jpg,0
/mnt/c/Users/eddyarias/Sovos/Sovos-Per-Emp/TIC/DataTIC/ISIC-images//ISIC_0069900.jpg,1
/mnt/c/Users/eddyarias/Sovos/Sovos-Per-Emp/TIC/DataTIC/ISIC-images//ISIC_0072570.jpg,1
/mnt/c/Users/eddyarias/Sovos/Sovos-Per-Emp/TIC/DataTIC/ISIC-images//ISIC_0070971.jpg,0
/mnt/c/Users/eddyarias/Sovos/Sovos-Per-Emp/TIC/DataTIC/ISIC-images//ISIC_0071129.jpg,0
/mnt/c/Users/eddyarias/Sovos/Sovos-Per-Emp/TIC/DataTIC/ISIC-images//ISIC_0060045.jpg,1
/mnt/c/Users/eddyarias/Sovos/Sovos-Per-Emp/TIC/DataTIC/ISIC-images//ISIC_0070368.jpg,1
/mnt/c/Users/eddyarias/Sovos/Sovos-Per-Emp/TIC/DataTIC/ISIC-images//ISIC_0056017.jpg,1
/mnt/c/Users/eddyarias/Sovos/Sovos-Per-Emp/TIC/DataTIC/ISIC-images//ISIC_0060117.jpg,1
/mnt/c/Users/eddyarias/Sovos/Sovos-Per-Emp/TIC/DataTIC/ISIC-images//ISIC_0068636.jpg,1
/mnt/c/Users/eddyarias/Sovos/Sovos-Per-Emp/TIC/DataTIC/ISIC-images//ISIC_0067609.jpg,0
/mnt/c/Users/eddyarias/Sovos/Sovos-Per-Emp/TIC/DataTIC/ISIC-images//ISIC_0053927.jpg,1
/mnt/c/Users/eddyarias/Sovos/Sovos-Per-Emp/TIC/DataTIC/ISIC-images//ISIC_0071506.jpg,0
/mnt/c/Users/eddyarias/Sovos/Sovos-Per-Emp/TIC/DataTIC/ISIC-images//ISIC_0071979.jpg,1
/mnt/c/Users/eddyarias/Sovos/Sovos-Per-Emp/TIC/DataTIC/ISIC-images//ISIC_0058531.jpg,0
/mnt/c/Users/eddyarias/Sovos/Sovos-Per-Emp/TIC/DataTIC/ISIC-images//ISIC_0071922.jpg,0
/mnt/c/Users/eddyarias/Sovos/Sovos-Per-Emp/TIC/DataTIC/ISIC-images//ISIC_0069347.jpg,0
/mnt/c/Users/eddyarias/Sovos/Sovos-Per-Emp/TIC/DataTIC/ISIC-images//ISIC_0067356.jpg,0
/mnt/c/Users/eddyarias/Sovos/Sovos-Per-Emp/TIC/DataTIC/ISIC-images//ISIC_0053909.jpg,1
/mnt/c/Users/eddyarias/Sovos/Sovos-Per-Emp/TIC/DataTIC/ISIC-images//ISIC_0057555.jpg,1
/mnt/c/Users/eddyarias/Sovos/Sovos-Per-Emp/TIC/DataTIC/ISIC-images//ISIC_0062626.jpg,1
/mnt/c/Users/eddyarias/Sovos/Sovos-Per-Emp/TIC/DataTIC/ISIC-images//ISIC_0067045.jpg,0
/mnt/c/Users/eddyarias/Sovos/Sovos-Per-Emp/TIC/DataTIC/ISIC-images//ISIC_0055832.jpg,1
/mnt/c/Users/eddyarias/Sovos/Sovos-Per-Emp/TIC/DataTIC/ISIC-images//ISIC_0067587.jpg,0
/mnt/c/Users/eddyarias/Sovos/Sovos-Per-Emp/TIC/DataTIC/ISIC-images//ISIC_0067474.jpg,0
/mnt/c/Users/eddyarias/Sovos/Sovos-Per-Emp/TIC/DataTIC/ISIC-images//ISIC_0056811.jpg,0
/mnt/c/Users/eddyarias/Sovos/Sovos-Per-Emp/TIC/DataTIC/ISIC-images//ISIC_0070339.jpg,0
/mnt/c/Users/eddyarias/Sovos/Sovos-Per-Emp/TIC/DataTIC/ISIC-images//ISIC_0056891.jpg,0
/mnt/c/Users/eddyarias/Sovos/Sovos-Per-Emp/TIC/DataTIC/ISIC-images//ISIC_0065903.jpg,1
/mnt/c/Users/eddyarias/Sovos/Sovos-Per-Emp/TIC/DataTIC/ISIC-images//ISIC_0054096.jpg,0
/mnt/c/Users/eddyarias/Sovos/Sovos-Per-Emp/TIC/DataTIC/ISIC-images//ISIC_0062063.jpg,1
/mnt/c/Users/eddyarias/Sovos/Sovos-Per-Emp/TIC/DataTIC/ISIC-images//ISIC_0059927.jpg,0
/mnt/c/Users/eddyarias/Sovos/Sovos-Per-Emp/TIC/DataTIC/ISIC-images//ISIC_0065004.jpg,1
/mnt/c/Users/eddyarias/Sovos/Sovos-Per-Emp/TIC/DataTIC/ISIC-images//ISIC_0068725.jpg,0
/mnt/c/Users/eddyarias/Sovos/Sovos-Per-Emp/TIC/DataTIC/ISIC-images//ISIC_0059630.jpg,1
/mnt/c/Users/eddyarias/Sovos/Sovos-Per-Emp/TIC/DataTIC/ISIC-images//ISIC_0060970.jpg,0
/mnt/c/Users/eddyarias/Sovos/Sovos-Per-Emp/TIC/DataTIC/ISIC-images//ISIC_0058022.jpg,1
/mnt/c/Users/eddyarias/Sovos/Sovos-Per-Emp/TIC/DataTIC/ISIC-images//ISIC_0063378.jpg,0
/mnt/c/Users/eddyarias/Sovos/Sovos-Per-Emp/TIC/DataTIC/ISIC-images//ISIC_0067977.jpg,0
/mnt/c/Users/eddyarias/Sovos/Sovos-Per-Emp/TIC/DataTIC/ISIC-images//ISIC_0066636.jpg,0
/mnt/c/Users/eddyarias/Sovos/Sovos-Per-Emp/TIC/DataTIC/ISIC-images//ISIC_0061585.jpg,1
/mnt/c/Users/eddyarias/Sovos/Sovos-Per-Emp/TIC/DataTIC/ISIC-images//ISIC_0067652.jpg,0
/mnt/c/Users/eddyarias/Sovos/Sovos-Per-Emp/TIC/DataTIC/ISIC-images//ISIC_0064579.jpg,1
/mnt/c/Users/eddyarias/Sovos/Sovos-Per-Emp/TIC/DataTIC/ISIC-images//ISIC_0064733.jpg,0
/mnt/c/Users/eddyarias/Sovos/Sovos-Per-Emp/TIC/DataTIC/ISIC-images//ISIC_0068305.jpg,0
/mnt/c/Users/eddyarias/Sovos/Sovos-Per-Emp/TIC/DataTIC/ISIC-images//ISIC_0060315.jpg,1
/mnt/c/Users/eddyarias/Sovos/Sovos-Per-Emp/TIC/DataTIC/ISIC-images//ISIC_0055976.jpg,1
/mnt/c/Users/eddyarias/Sovos/Sovos-Per-Emp/TIC/DataTIC/ISIC-images//ISIC_0061164.jpg,0
/mnt/c/Users/eddyarias/Sovos/Sovos-Per-Emp/TIC/DataTIC/ISIC-images//ISIC_0061632.jpg,0
/mnt/c/Users/eddyarias/Sovos/Sovos-Per-Emp/TIC/DataTIC/ISIC-images//ISIC_0063184.jpg,0
/mnt/c/Users/eddyarias/Sovos/Sovos-Per-Emp/TIC/DataTIC/ISIC-images//ISIC_0058318.jpg,1
/mnt/c/Users/eddyarias/Sovos/Sovos-Per-Emp/TIC/DataTIC/ISIC-images//ISIC_0065603.jpg,0
/mnt/c/Users/eddyarias/Sovos/Sovos-Per-Emp/TIC/DataTIC/ISIC-images//ISIC_0066793.jpg,0
/mnt/c/Users/eddyarias/Sovos/Sovos-Per-Emp/TIC/DataTIC/ISIC-images//ISIC_0071467.jpg,0
/mnt/c/Users/eddyarias/Sovos/Sovos-Per-Emp/TIC/DataTIC/ISIC-images//ISIC_0067744.jpg,1
/mnt/c/Users/eddyarias/Sovos/Sovos-Per-Emp/TIC/DataTIC/ISIC-images//ISIC_0059896.jpg,0
/mnt/c/Users/eddyarias/Sovos/Sovos-Per-Emp/TIC/DataTIC/ISIC-images//ISIC_0054572.jpg,0
/mnt/c/Users/eddyarias/Sovos/Sovos-Per-Emp/TIC/DataTIC/ISIC-images//ISIC_0054069.jpg,0
/mnt/c/Users/eddyarias/Sovos/Sovos-Per-Emp/TIC/DataTIC/ISIC-images//ISIC_0067389.jpg,0
/mnt/c/Users/eddyarias/Sovos/Sovos-Per-Emp/TIC/DataTIC/ISIC-images//ISIC_0054549.jpg,1
/mnt/c/Users/eddyarias/Sovos/Sovos-Per-Emp/TIC/DataTIC/ISIC-images//ISIC_0066919.jpg,0
/mnt/c/Users/eddyarias/Sovos/Sovos-Per-Emp/TIC/DataTIC/ISIC-images//ISIC_0067212.jpg,1
/mnt/c/Users/eddyarias/Sovos/Sovos-Per-Emp/TIC/DataTIC/ISIC-images//ISIC_0062080.jpg,1
/mnt/c/Users/eddyarias/Sovos/Sovos-Per-Emp/TIC/DataTIC/ISIC-images//ISIC_0069063.jpg,1
/mnt/c/Users/eddyarias/Sovos/Sovos-Per-Emp/TIC/DataTIC/ISIC-images//ISIC_0066738.jpg,1
/mnt/c/Users/eddyarias/Sovos/Sovos-Per-Emp/TIC/DataTIC/ISIC-images//ISIC_0053827.jpg,1
/mnt/c/Users/eddyarias/Sovos/Sovos-Per-Emp/TIC/DataTIC/ISIC-images//ISIC_0071176.jpg,1
/mnt/c/Users/eddyarias/Sovos/Sovos-Per-Emp/TIC/DataTIC/ISIC-images//ISIC_0055636.jpg,0
/mnt/c/Users/eddyarias/Sovos/Sovos-Per-Emp/TIC/DataTIC/ISIC-images//ISIC_0062026.jpg,1
/mnt/c/Users/eddyarias/Sovos/Sovos-Per-Emp/TIC/DataTIC/ISIC-images//ISIC_0062638.jpg,1
/mnt/c/Users/eddyarias/Sovos/Sovos-Per-Emp/TIC/DataTIC/ISIC-images//ISIC_0066127.jpg,1
/mnt/c/Users/eddyarias/Sovos/Sovos-Per-Emp/TIC/DataTIC/ISIC-images//ISIC_0055044.jpg,0
/mnt/c/Users/eddyarias/Sovos/Sovos-Per-Emp/TIC/DataTIC/ISIC-images//ISIC_0068519.jpg,1
/mnt/c/Users/eddyarias/Sovos/Sovos-Per-Emp/TIC/DataTIC/ISIC-images//ISIC_0070667.jpg,0
/mnt/c/Users/eddyarias/Sovos/Sovos-Per-Emp/TIC/DataTIC/ISIC-images//ISIC_0060406.jpg,1
/mnt/c/Users/eddyarias/Sovos/Sovos-Per-Emp/TIC/DataTIC/ISIC-images//ISIC_0066386.jpg,1
/mnt/c/Users/eddyarias/Sovos/Sovos-Per-Emp/TIC/DataTIC/ISIC-images//ISIC_0064333.jpg,0
/mnt/c/Users/eddyarias/Sovos/Sovos-Per-Emp/TIC/DataTIC/ISIC-images//ISIC_0073173.jpg,1
/mnt/c/Users/eddyarias/Sovos/Sovos-Per-Emp/TIC/DataTIC/ISIC-images//ISIC_0057492.jpg,1
/mnt/c/Users/eddyarias/Sovos/Sovos-Per-Emp/TIC/DataTIC/ISIC-images//ISIC_0064560.jpg,1
/mnt/c/Users/eddyarias/Sovos/Sovos-Per-Emp/TIC/DataTIC/ISIC-images//ISIC_0065498.jpg,0
/mnt/c/Users/eddyarias/Sovos/Sovos-Per-Emp/TIC/DataTIC/ISIC-images//ISIC_0066627.jpg,1
/mnt/c/Users/eddyarias/Sovos/Sovos-Per-Emp/TIC/DataTIC/ISIC-images//ISIC_0062065.jpg,0
/mnt/c/Users/eddyarias/Sovos/Sovos-Per-Emp/TIC/DataTIC/ISIC-images//ISIC_0067668.jpg,1
/mnt/c/Users/eddyarias/Sovos/Sovos-Per-Emp/TIC/DataTIC/ISIC-images//ISIC_0073134.jpg,1
/mnt/c/Users/eddyarias/Sovos/Sovos-Per-Emp/TIC/DataTIC/ISIC-images//ISIC_0055569.jpg,0
/mnt/c/Users/eddyarias/Sovos/Sovos-Per-Emp/TIC/DataTIC/ISIC-images//ISIC_0066132.jpg,0
/mnt/c/Users/eddyarias/Sovos/Sovos-Per-Emp/TIC/DataTIC/ISIC-images//ISIC_0066427.jpg,0
/mnt/c/Users/eddyarias/Sovos/Sovos-Per-Emp/TIC/DataTIC/ISIC-images//ISIC_0070019.jpg,0
/mnt/c/Users/eddyarias/Sovos/Sovos-Per-Emp/TIC/DataTIC/ISIC-images//ISIC_0057621.jpg,1
/mnt/c/Users/eddyarias/Sovos/Sovos-Per-Emp/TIC/DataTIC/ISIC-images//ISIC_0070752.jpg,1
/mnt/c/Users/eddyarias/Sovos/Sovos-Per-Emp/TIC/DataTIC/ISIC-images//ISIC_0070512.jpg,0
/mnt/c/Users/eddyarias/Sovos/Sovos-Per-Emp/TIC/DataTIC/ISIC-images//ISIC_0066400.jpg,0
/mnt/c/Users/eddyarias/Sovos/Sovos-Per-Emp/TIC/DataTIC/ISIC-images//ISIC_0071317.jpg,0
/mnt/c/Users/eddyarias/Sovos/Sovos-Per-Emp/TIC/DataTIC/ISIC-images//ISIC_0059407.jpg,0
/mnt/c/Users/eddyarias/Sovos/Sovos-Per-Emp/TIC/DataTIC/ISIC-images//ISIC_0060096.jpg,1
/mnt/c/Users/eddyarias/Sovos/Sovos-Per-Emp/TIC/DataTIC/ISIC-images//ISIC_0056752.jpg,1
/mnt/c/Users/eddyarias/Sovos/Sovos-Per-Emp/TIC/DataTIC/ISIC-images//ISIC_0058541.jpg,0
/mnt/c/Users/eddyarias/Sovos/Sovos-Per-Emp/TIC/DataTIC/ISIC-images//ISIC_0066336.jpg,1
/mnt/c/Users/eddyarias/Sovos/Sovos-Per-Emp/TIC/DataTIC/ISIC-images//ISIC_0056265.jpg,1
/mnt/c/Users/eddyarias/Sovos/Sovos-Per-Emp/TIC/DataTIC/ISIC-images//ISIC_0058013.jpg,1
/mnt/c/Users/eddyarias/Sovos/Sovos-Per-Emp/TIC/DataTIC/ISIC-images//ISIC_0061753.jpg,0
/mnt/c/Users/eddyarias/Sovos/Sovos-Per-Emp/TIC/DataTIC/ISIC-images//ISIC_0073200.jpg,1
/mnt/c/Users/eddyarias/Sovos/Sovos-Per-Emp/TIC/DataTIC/ISIC-images//ISIC_0058246.jpg,1
/mnt/c/Users/eddyarias/Sovos/Sovos-Per-Emp/TIC/DataTIC/ISIC-images//ISIC_0073013.jpg,0
/mnt/c/Users/eddyarias/Sovos/Sovos-Per-Emp/TIC/DataTIC/ISIC-images//ISIC_0060139.jpg,1
/mnt/c/Users/eddyarias/Sovos/Sovos-Per-Emp/TIC/DataTIC/ISIC-images//ISIC_0060662.jpg,1
/mnt/c/Users/eddyarias/Sovos/Sovos-Per-Emp/TIC/DataTIC/ISIC-images//ISIC_0064805.jpg,1
/mnt/c/Users/eddyarias/Sovos/Sovos-Per-Emp/TIC/DataTIC/ISIC-images//ISIC_0072674.jpg,0
/mnt/c/Users/eddyarias/Sovos/Sovos-Per-Emp/TIC/DataTIC/ISIC-images//ISIC_0063217.jpg,1
/mnt/c/Users/eddyarias/Sovos/Sovos-Per-Emp/TIC/DataTIC/ISIC-images//ISIC_0067014.jpg,0
/mnt/c/Users/eddyarias/Sovos/Sovos-Per-Emp/TIC/DataTIC/ISIC-images//ISIC_0064368.jpg,0
/mnt/c/Users/eddyarias/Sovos/Sovos-Per-Emp/TIC/DataTIC/ISIC-images//ISIC_0059044.jpg,0
/mnt/c/Users/eddyarias/Sovos/Sovos-Per-Emp/TIC/DataTIC/ISIC-images//ISIC_0057267.jpg,1
/mnt/c/Users/eddyarias/Sovos/Sovos-Per-Emp/TIC/DataTIC/ISIC-images//ISIC_0055881.jpg,0
/mnt/c/Users/eddyarias/Sovos/Sovos-Per-Emp/TIC/DataTIC/ISIC-images//ISIC_0061825.jpg,1
/mnt/c/Users/eddyarias/Sovos/Sovos-Per-Emp/TIC/DataTIC/ISIC-images//ISIC_0056943.jpg,0
/mnt/c/Users/eddyarias/Sovos/Sovos-Per-Emp/TIC/DataTIC/ISIC-images//ISIC_0068440.jpg,0
/mnt/c/Users/eddyarias/Sovos/Sovos-Per-Emp/TIC/DataTIC/ISIC-images//ISIC_0068832.jpg,1
/mnt/c/Users/eddyarias/Sovos/Sovos-Per-Emp/TIC/DataTIC/ISIC-images//ISIC_0062137.jpg,0
/mnt/c/Users/eddyarias/Sovos/Sovos-Per-Emp/TIC/DataTIC/ISIC-images//ISIC_0056659.jpg,1
/mnt/c/Users/eddyarias/Sovos/Sovos-Per-Emp/TIC/DataTIC/ISIC-images//ISIC_0057123.jpg,1
/mnt/c/Users/eddyarias/Sovos/Sovos-Per-Emp/TIC/DataTIC/ISIC-images//ISIC_0068456.jpg,0
/mnt/c/Users/eddyarias/Sovos/Sovos-Per-Emp/TIC/DataTIC/ISIC-images//ISIC_0064752.jpg,1
/mnt/c/Users/eddyarias/Sovos/Sovos-Per-Emp/TIC/DataTIC/ISIC-images//ISIC_0067465.jpg,1
/mnt/c/Users/eddyarias/Sovos/Sovos-Per-Emp/TIC/DataTIC/ISIC-images//ISIC_0056825.jpg,0
/mnt/c/Users/eddyarias/Sovos/Sovos-Per-Emp/TIC/DataTIC/ISIC-images//ISIC_0067949.jpg,1
/mnt/c/Users/eddyarias/Sovos/Sovos-Per-Emp/TIC/DataTIC/ISIC-images//ISIC_0072305.jpg,0
/mnt/c/Users/eddyarias/Sovos/Sovos-Per-Emp/TIC/DataTIC/ISIC-images//ISIC_0070245.jpg,0
/mnt/c/Users/eddyarias/Sovos/Sovos-Per-Emp/TIC/DataTIC/ISIC-images//ISIC_0071189.jpg,0
/mnt/c/Users/eddyarias/Sovos/Sovos-Per-Emp/TIC/DataTIC/ISIC-images//ISIC_0064326.jpg,0
/mnt/c/Users/eddyarias/Sovos/Sovos-Per-Emp/TIC/DataTIC/ISIC-images//ISIC_0067120.jpg,1
/mnt/c/Users/eddyarias/Sovos/Sovos-Per-Emp/TIC/DataTIC/ISIC-images//ISIC_0057133.jpg,0
/mnt/c/Users/eddyarias/Sovos/Sovos-Per-Emp/TIC/DataTIC/ISIC-images//ISIC_0059227.jpg,1
/mnt/c/Users/eddyarias/Sovos/Sovos-Per-Emp/TIC/DataTIC/ISIC-images//ISIC_0054022.jpg,0
/mnt/c/Users/eddyarias/Sovos/Sovos-Per-Emp/TIC/DataTIC/ISIC-images//ISIC_0059823.jpg,1
/mnt/c/Users/eddyarias/Sovos/Sovos-Per-Emp/TIC/DataTIC/ISIC-images//ISIC_0057580.jpg,0
/mnt/c/Users/eddyarias/Sovos/Sovos-Per-Emp/TIC/DataTIC/ISIC-images//ISIC_0064020.jpg,0
/mnt/c/Users/eddyarias/Sovos/Sovos-Per-Emp/TIC/DataTIC/ISIC-images//ISIC_0065887.jpg,0
/mnt/c/Users/eddyarias/Sovos/Sovos-Per-Emp/TIC/DataTIC/ISIC-images//ISIC_0068848.jpg,0
/mnt/c/Users/eddyarias/Sovos/Sovos-Per-Emp/TIC/DataTIC/ISIC-images//ISIC_0062500.jpg,0
/mnt/c/Users/eddyarias/Sovos/Sovos-Per-Emp/TIC/DataTIC/ISIC-images//ISIC_0064697.jpg,0
/mnt/c/Users/eddyarias/Sovos/Sovos-Per-Emp/TIC/DataTIC/ISIC-images//ISIC_0061430.jpg,1
/mnt/c/Users/eddyarias/Sovos/Sovos-Per-Emp/TIC/DataTIC/ISIC-images//ISIC_0060649.jpg,0
/mnt/c/Users/eddyarias/Sovos/Sovos-Per-Emp/TIC/DataTIC/ISIC-images//ISIC_0062954.jpg,1
/mnt/c/Users/eddyarias/Sovos/Sovos-Per-Emp/TIC/DataTIC/ISIC-images//ISIC_0062045.jpg,1
/mnt/c/Users/eddyarias/Sovos/Sovos-Per-Emp/TIC/DataTIC/ISIC-images//ISIC_0060584.jpg,0
/mnt/c/Users/eddyarias/Sovos/Sovos-Per-Emp/TIC/DataTIC/ISIC-images//ISIC_0069332.jpg,1
/mnt/c/Users/eddyarias/Sovos/Sovos-Per-Emp/TIC/DataTIC/ISIC-images//ISIC_0057496.jpg,1
/mnt/c/Users/eddyarias/Sovos/Sovos-Per-Emp/TIC/DataTIC/ISIC-images//ISIC_0064709.jpg,0
/mnt/c/Users/eddyarias/Sovos/Sovos-Per-Emp/TIC/DataTIC/ISIC-images//ISIC_0058351.jpg,0
/mnt/c/Users/eddyarias/Sovos/Sovos-Per-Emp/TIC/DataTIC/ISIC-images//ISIC_0063058.jpg,1
/mnt/c/Users/eddyarias/Sovos/Sovos-Per-Emp/TIC/DataTIC/ISIC-images//ISIC_0065338.jpg,1
/mnt/c/Users/eddyarias/Sovos/Sovos-Per-Emp/TIC/DataTIC/ISIC-images//ISIC_0073119.jpg,1
/mnt/c/Users/eddyarias/Sovos/Sovos-Per-Emp/TIC/DataTIC/ISIC-images//ISIC_0072856.jpg,1
/mnt/c/Users/eddyarias/Sovos/Sovos-Per-Emp/TIC/DataTIC/ISIC-images//ISIC_0072541.jpg,0
/mnt/c/Users/eddyarias/Sovos/Sovos-Per-Emp/TIC/DataTIC/ISIC-images//ISIC_0069127.jpg,0
/mnt/c/Users/eddyarias/Sovos/Sovos-Per-Emp/TIC/DataTIC/ISIC-images//ISIC_0060994.jpg,1
/mnt/c/Users/eddyarias/Sovos/Sovos-Per-Emp/TIC/DataTIC/ISIC-images//ISIC_0071153.jpg,0
/mnt/c/Users/eddyarias/Sovos/Sovos-Per-Emp/TIC/DataTIC/ISIC-images//ISIC_0070411.jpg,1
/mnt/c/Users/eddyarias/Sovos/Sovos-Per-Emp/TIC/DataTIC/ISIC-images//ISIC_0056202.jpg,1
/mnt/c/Users/eddyarias/Sovos/Sovos-Per-Emp/TIC/DataTIC/ISIC-images//ISIC_0072154.jpg,1
/mnt/c/Users/eddyarias/Sovos/Sovos-Per-Emp/TIC/DataTIC/ISIC-images//ISIC_0055814.jpg,1
/mnt/c/Users/eddyarias/Sovos/Sovos-Per-Emp/TIC/DataTIC/ISIC-images//ISIC_0071651.jpg,1
/mnt/c/Users/eddyarias/Sovos/Sovos-Per-Emp/TIC/DataTIC/ISIC-images//ISIC_0072892.jpg,0
/mnt/c/Users/eddyarias/Sovos/Sovos-Per-Emp/TIC/DataTIC/ISIC-images//ISIC_0069134.jpg,0
/mnt/c/Users/eddyarias/Sovos/Sovos-Per-Emp/TIC/DataTIC/ISIC-images//ISIC_0055186.jpg,0
/mnt/c/Users/eddyarias/Sovos/Sovos-Per-Emp/TIC/DataTIC/ISIC-images//ISIC_0069510.jpg,0
/mnt/c/Users/eddyarias/Sovos/Sovos-Per-Emp/TIC/DataTIC/ISIC-images//ISIC_0062082.jpg,1
/mnt/c/Users/eddyarias/Sovos/Sovos-Per-Emp/TIC/DataTIC/ISIC-images//ISIC_0064794.jpg,0
/mnt/c/Users/eddyarias/Sovos/Sovos-Per-Emp/TIC/DataTIC/ISIC-images//ISIC_0054743.jpg,1
/mnt/c/Users/eddyarias/Sovos/Sovos-Per-Emp/TIC/DataTIC/ISIC-images//ISIC_0060005.jpg,1
/mnt/c/Users/eddyarias/Sovos/Sovos-Per-Emp/TIC/DataTIC/ISIC-images//ISIC_0062628.jpg,1
/mnt/c/Users/eddyarias/Sovos/Sovos-Per-Emp/TIC/DataTIC/ISIC-images//ISIC_0072635.jpg,0
/mnt/c/Users/eddyarias/Sovos/Sovos-Per-Emp/TIC/DataTIC/ISIC-images//ISIC_0069768.jpg,0
/mnt/c/Users/eddyarias/Sovos/Sovos-Per-Emp/TIC/DataTIC/ISIC-images//ISIC_0056941.jpg,1
/mnt/c/Users/eddyarias/Sovos/Sovos-Per-Emp/TIC/DataTIC/ISIC-images//ISIC_0066574.jpg,0
/mnt/c/Users/eddyarias/Sovos/Sovos-Per-Emp/TIC/DataTIC/ISIC-images//ISIC_0060889.jpg,0
/mnt/c/Users/eddyarias/Sovos/Sovos-Per-Emp/TIC/DataTIC/ISIC-images//ISIC_0062487.jpg,1
/mnt/c/Users/eddyarias/Sovos/Sovos-Per-Emp/TIC/DataTIC/ISIC-images//ISIC_0059011.jpg,0
/mnt/c/Users/eddyarias/Sovos/Sovos-Per-Emp/TIC/DataTIC/ISIC-images//ISIC_0055256.jpg,0
/mnt/c/Users/eddyarias/Sovos/Sovos-Per-Emp/TIC/DataTIC/ISIC-images//ISIC_0068709.jpg,0
/mnt/c/Users/eddyarias/Sovos/Sovos-Per-Emp/TIC/DataTIC/ISIC-images//ISIC_0057114.jpg,1
/mnt/c/Users/eddyarias/Sovos/Sovos-Per-Emp/TIC/DataTIC/ISIC-images//ISIC_0069005.jpg,1
/mnt/c/Users/eddyarias/Sovos/Sovos-Per-Emp/TIC/DataTIC/ISIC-images//ISIC_0067625.jpg,1
/mnt/c/Users/eddyarias/Sovos/Sovos-Per-Emp/TIC/DataTIC/ISIC-images//ISIC_0063176.jpg,0
/mnt/c/Users/eddyarias/Sovos/Sovos-Per-Emp/TIC/DataTIC/ISIC-images//ISIC_0054349.jpg,0
/mnt/c/Users/eddyarias/Sovos/Sovos-Per-Emp/TIC/DataTIC/ISIC-images//ISIC_0063731.jpg,1
/mnt/c/Users/eddyarias/Sovos/Sovos-Per-Emp/TIC/DataTIC/ISIC-images//ISIC_0071786.jpg,1
/mnt/c/Users/eddyarias/Sovos/Sovos-Per-Emp/TIC/DataTIC/ISIC-images//ISIC_0070078.jpg,1
/mnt/c/Users/eddyarias/Sovos/Sovos-Per-Emp/TIC/DataTIC/ISIC-images//ISIC_0069101.jpg,0
/mnt/c/Users/eddyarias/Sovos/Sovos-Per-Emp/TIC/DataTIC/ISIC-images//ISIC_0053964.jpg,0
/mnt/c/Users/eddyarias/Sovos/Sovos-Per-Emp/TIC/DataTIC/ISIC-images//ISIC_0055980.jpg,0
/mnt/c/Users/eddyarias/Sovos/Sovos-Per-Emp/TIC/DataTIC/ISIC-images//ISIC_0071113.jpg,1
/mnt/c/Users/eddyarias/Sovos/Sovos-Per-Emp/TIC/DataTIC/ISIC-images//ISIC_0056499.jpg,0
/mnt/c/Users/eddyarias/Sovos/Sovos-Per-Emp/TIC/DataTIC/ISIC-images//ISIC_0072628.jpg,1
/mnt/c/Users/eddyarias/Sovos/Sovos-Per-Emp/TIC/DataTIC/ISIC-images//ISIC_0064488.jpg,0
/mnt/c/Users/eddyarias/Sovos/Sovos-Per-Emp/TIC/DataTIC/ISIC-images//ISIC_0071897.jpg,0
/mnt/c/Users/eddyarias/Sovos/Sovos-Per-Emp/TIC/DataTIC/ISIC-images//ISIC_0068278.jpg,1
/mnt/c/Users/eddyarias/Sovos/Sovos-Per-Emp/TIC/DataTIC/ISIC-images//ISIC_0069972.jpg,1
/mnt/c/Users/eddyarias/Sovos/Sovos-Per-Emp/TIC/DataTIC/ISIC-images//ISIC_0060491.jpg,0
/mnt/c/Users/eddyarias/Sovos/Sovos-Per-Emp/TIC/DataTIC/ISIC-images//ISIC_0059178.jpg,1
/mnt/c/Users/eddyarias/Sovos/Sovos-Per-Emp/TIC/DataTIC/ISIC-images//ISIC_0063995.jpg,1
/mnt/c/Users/eddyarias/Sovos/Sovos-Per-Emp/TIC/DataTIC/ISIC-images//ISIC_0072901.jpg,0
/mnt/c/Users/eddyarias/Sovos/Sovos-Per-Emp/TIC/DataTIC/ISIC-images//ISIC_0063628.jpg,0
/mnt/c/Users/eddyarias/Sovos/Sovos-Per-Emp/TIC/DataTIC/ISIC-images//ISIC_0061210.jpg,1
/mnt/c/Users/eddyarias/Sovos/Sovos-Per-Emp/TIC/DataTIC/ISIC-images//ISIC_0071865.jpg,1
/mnt/c/Users/eddyarias/Sovos/Sovos-Per-Emp/TIC/DataTIC/ISIC-images//ISIC_0059960.jpg,0
/mnt/c/Users/eddyarias/Sovos/Sovos-Per-Emp/TIC/DataTIC/ISIC-images//ISIC_0061820.jpg,0
/mnt/c/Users/eddyarias/Sovos/Sovos-Per-Emp/TIC/DataTIC/ISIC-images//ISIC_0068228.jpg,0
/mnt/c/Users/eddyarias/Sovos/Sovos-Per-Emp/TIC/DataTIC/ISIC-images//ISIC_0053669.jpg,0
/mnt/c/Users/eddyarias/Sovos/Sovos-Per-Emp/TIC/DataTIC/ISIC-images//ISIC_0055209.jpg,1
/mnt/c/Users/eddyarias/Sovos/Sovos-Per-Emp/TIC/DataTIC/ISIC-images//ISIC_0061529.jpg,1
/mnt/c/Users/eddyarias/Sovos/Sovos-Per-Emp/TIC/DataTIC/ISIC-images//ISIC_0070324.jpg,0
/mnt/c/Users/eddyarias/Sovos/Sovos-Per-Emp/TIC/DataTIC/ISIC-images//ISIC_0058592.jpg,0
/mnt/c/Users/eddyarias/Sovos/Sovos-Per-Emp/TIC/DataTIC/ISIC-images//ISIC_0071707.jpg,1
/mnt/c/Users/eddyarias/Sovos/Sovos-Per-Emp/TIC/DataTIC/ISIC-images//ISIC_0053651.jpg,0
/mnt/c/Users/eddyarias/Sovos/Sovos-Per-Emp/TIC/DataTIC/ISIC-images//ISIC_0058654.jpg,1
/mnt/c/Users/eddyarias/Sovos/Sovos-Per-Emp/TIC/DataTIC/ISIC-images//ISIC_0071307.jpg,0
/mnt/c/Users/eddyarias/Sovos/Sovos-Per-Emp/TIC/DataTIC/ISIC-images//ISIC_0066221.jpg,1
/mnt/c/Users/eddyarias/Sovos/Sovos-Per-Emp/TIC/DataTIC/ISIC-images//ISIC_0056966.jpg,0
/mnt/c/Users/eddyarias/Sovos/Sovos-Per-Emp/TIC/DataTIC/ISIC-images//ISIC_0070023.jpg,0
/mnt/c/Users/eddyarias/Sovos/Sovos-Per-Emp/TIC/DataTIC/ISIC-images//ISIC_0065163.jpg,0
/mnt/c/Users/eddyarias/Sovos/Sovos-Per-Emp/TIC/DataTIC/ISIC-images//ISIC_0066003.jpg,0
/mnt/c/Users/eddyarias/Sovos/Sovos-Per-Emp/TIC/DataTIC/ISIC-images//ISIC_0061735.jpg,1
/mnt/c/Users/eddyarias/Sovos/Sovos-Per-Emp/TIC/DataTIC/ISIC-images//ISIC_0066842.jpg,1
/mnt/c/Users/eddyarias/Sovos/Sovos-Per-Emp/TIC/DataTIC/ISIC-images//ISIC_0058250.jpg,1
/mnt/c/Users/eddyarias/Sovos/Sovos-Per-Emp/TIC/DataTIC/ISIC-images//ISIC_0063935.jpg,0
/mnt/c/Users/eddyarias/Sovos/Sovos-Per-Emp/TIC/DataTIC/ISIC-images//ISIC_0072090.jpg,1
/mnt/c/Users/eddyarias/Sovos/Sovos-Per-Emp/TIC/DataTIC/ISIC-images//ISIC_0053490.jpg,0
/mnt/c/Users/eddyarias/Sovos/Sovos-Per-Emp/TIC/DataTIC/ISIC-images//ISIC_0053568.jpg,1
/mnt/c/Users/eddyarias/Sovos/Sovos-Per-Emp/TIC/DataTIC/ISIC-images//ISIC_0055361.jpg,1
/mnt/c/Users/eddyarias/Sovos/Sovos-Per-Emp/TIC/DataTIC/ISIC-images//ISIC_0070733.jpg,0
/mnt/c/Users/eddyarias/Sovos/Sovos-Per-Emp/TIC/DataTIC/ISIC-images//ISIC_0068851.jpg,1
/mnt/c/Users/eddyarias/Sovos/Sovos-Per-Emp/TIC/DataTIC/ISIC-images//ISIC_0071499.jpg,0
/mnt/c/Users/eddyarias/Sovos/Sovos-Per-Emp/TIC/DataTIC/ISIC-images//ISIC_0072362.jpg,1
/mnt/c/Users/eddyarias/Sovos/Sovos-Per-Emp/TIC/DataTIC/ISIC-images//ISIC_0067385.jpg,0
/mnt/c/Users/eddyarias/Sovos/Sovos-Per-Emp/TIC/DataTIC/ISIC-images//ISIC_0058374.jpg,0
/mnt/c/Users/eddyarias/Sovos/Sovos-Per-Emp/TIC/DataTIC/ISIC-images//ISIC_0069960.jpg,1
/mnt/c/Users/eddyarias/Sovos/Sovos-Per-Emp/TIC/DataTIC/ISIC-images//ISIC_0062154.jpg,1
/mnt/c/Users/eddyarias/Sovos/Sovos-Per-Emp/TIC/DataTIC/ISIC-images//ISIC_0060106.jpg,0
/mnt/c/Users/eddyarias/Sovos/Sovos-Per-Emp/TIC/DataTIC/ISIC-images//ISIC_0053911.jpg,1
/mnt/c/Users/eddyarias/Sovos/Sovos-Per-Emp/TIC/DataTIC/ISIC-images//ISIC_0059054.jpg,0
/mnt/c/Users/eddyarias/Sovos/Sovos-Per-Emp/TIC/DataTIC/ISIC-images//ISIC_0061633.jpg,1
/mnt/c/Users/eddyarias/Sovos/Sovos-Per-Emp/TIC/DataTIC/ISIC-images//ISIC_0073021.jpg,0
/mnt/c/Users/eddyarias/Sovos/Sovos-Per-Emp/TIC/DataTIC/ISIC-images//ISIC_0064767.jpg,0
/mnt/c/Users/eddyarias/Sovos/Sovos-Per-Emp/TIC/DataTIC/ISIC-images//ISIC_0054342.jpg,1
/mnt/c/Users/eddyarias/Sovos/Sovos-Per-Emp/TIC/DataTIC/ISIC-images//ISIC_0068710.jpg,0
/mnt/c/Users/eddyarias/Sovos/Sovos-Per-Emp/TIC/DataTIC/ISIC-images//ISIC_0053690.jpg,0
/mnt/c/Users/eddyarias/Sovos/Sovos-Per-Emp/TIC/DataTIC/ISIC-images//ISIC_0062369.jpg,0
/mnt/c/Users/eddyarias/Sovos/Sovos-Per-Emp/TIC/DataTIC/ISIC-images//ISIC_0062090.jpg,1
/mnt/c/Users/eddyarias/Sovos/Sovos-Per-Emp/TIC/DataTIC/ISIC-images//ISIC_0068582.jpg,0
/mnt/c/Users/eddyarias/Sovos/Sovos-Per-Emp/TIC/DataTIC/ISIC-images//ISIC_0057278.jpg,0
/mnt/c/Users/eddyarias/Sovos/Sovos-Per-Emp/TIC/DataTIC/ISIC-images//ISIC_0058790.jpg,1
/mnt/c/Users/eddyarias/Sovos/Sovos-Per-Emp/TIC/DataTIC/ISIC-images//ISIC_0053795.jpg,1
/mnt/c/Users/eddyarias/Sovos/Sovos-Per-Emp/TIC/DataTIC/ISIC-images//ISIC_0057654.jpg,1
/mnt/c/Users/eddyarias/Sovos/Sovos-Per-Emp/TIC/DataTIC/ISIC-images//ISIC_0064813.jpg,0
/mnt/c/Users/eddyarias/Sovos/Sovos-Per-Emp/TIC/DataTIC/ISIC-images//ISIC_0066099.jpg,0
/mnt/c/Users/eddyarias/Sovos/Sovos-Per-Emp/TIC/DataTIC/ISIC-images//ISIC_0068787.jpg,1
/mnt/c/Users/eddyarias/Sovos/Sovos-Per-Emp/TIC/DataTIC/ISIC-images//ISIC_0056784.jpg,0
/mnt/c/Users/eddyarias/Sovos/Sovos-Per-Emp/TIC/DataTIC/ISIC-images//ISIC_0060596.jpg,1
/mnt/c/Users/eddyarias/Sovos/Sovos-Per-Emp/TIC/DataTIC/ISIC-images//ISIC_0060560.jpg,0
/mnt/c/Users/eddyarias/Sovos/Sovos-Per-Emp/TIC/DataTIC/ISIC-images//ISIC_0057056.jpg,1
/mnt/c/Users/eddyarias/Sovos/Sovos-Per-Emp/TIC/DataTIC/ISIC-images//ISIC_0062318.jpg,1
/mnt/c/Users/eddyarias/Sovos/Sovos-Per-Emp/TIC/DataTIC/ISIC-images//ISIC_0055473.jpg,0
/mnt/c/Users/eddyarias/Sovos/Sovos-Per-Emp/TIC/DataTIC/ISIC-images//ISIC_0059414.jpg,0
/mnt/c/Users/eddyarias/Sovos/Sovos-Per-Emp/TIC/DataTIC/ISIC-images//ISIC_0069844.jpg,0
/mnt/c/Users/eddyarias/Sovos/Sovos-Per-Emp/TIC/DataTIC/ISIC-images//ISIC_0059417.jpg,0
/mnt/c/Users/eddyarias/Sovos/Sovos-Per-Emp/TIC/DataTIC/ISIC-images//ISIC_0066889.jpg,0
/mnt/c/Users/eddyarias/Sovos/Sovos-Per-Emp/TIC/DataTIC/ISIC-images//ISIC_0055354.jpg,0
/mnt/c/Users/eddyarias/Sovos/Sovos-Per-Emp/TIC/DataTIC/ISIC-images//ISIC_0068484.jpg,0
/mnt/c/Users/eddyarias/Sovos/Sovos-Per-Emp/TIC/DataTIC/ISIC-images//ISIC_0065857.jpg,0
/mnt/c/Users/eddyarias/Sovos/Sovos-Per-Emp/TIC/DataTIC/ISIC-images//ISIC_0064679.jpg,1
/mnt/c/Users/eddyarias/Sovos/Sovos-Per-Emp/TIC/DataTIC/ISIC-images//ISIC_0055021.jpg,1
/mnt/c/Users/eddyarias/Sovos/Sovos-Per-Emp/TIC/DataTIC/ISIC-images//ISIC_0059817.jpg,0
/mnt/c/Users/eddyarias/Sovos/Sovos-Per-Emp/TIC/DataTIC/ISIC-images//ISIC_0062473.jpg,1
/mnt/c/Users/eddyarias/Sovos/Sovos-Per-Emp/TIC/DataTIC/ISIC-images//ISIC_0058455.jpg,0
/mnt/c/Users/eddyarias/Sovos/Sovos-Per-Emp/TIC/DataTIC/ISIC-images//ISIC_0069392.jpg,0
/mnt/c/Users/eddyarias/Sovos/Sovos-Per-Emp/TIC/DataTIC/ISIC-images//ISIC_0068157.jpg,0
/mnt/c/Users/eddyarias/Sovos/Sovos-Per-Emp/TIC/DataTIC/ISIC-images//ISIC_0065639.jpg,0
/mnt/c/Users/eddyarias/Sovos/Sovos-Per-Emp/TIC/DataTIC/ISIC-images//ISIC_0069464.jpg,0
/mnt/c/Users/eddyarias/Sovos/Sovos-Per-Emp/TIC/DataTIC/ISIC-images//ISIC_0058139.jpg,0
/mnt/c/Users/eddyarias/Sovos/Sovos-Per-Emp/TIC/DataTIC/ISIC-images//ISIC_0063486.jpg,0
/mnt/c/Users/eddyarias/Sovos/Sovos-Per-Emp/TIC/DataTIC/ISIC-images//ISIC_0055107.jpg,1
/mnt/c/Users/eddyarias/Sovos/Sovos-Per-Emp/TIC/DataTIC/ISIC-images//ISIC_0058501.jpg,1
/mnt/c/Users/eddyarias/Sovos/Sovos-Per-Emp/TIC/DataTIC/ISIC-images//ISIC_0065602.jpg,1
/mnt/c/Users/eddyarias/Sovos/Sovos-Per-Emp/TIC/DataTIC/ISIC-images//ISIC_0059560.jpg,0
/mnt/c/Users/eddyarias/Sovos/Sovos-Per-Emp/TIC/DataTIC/ISIC-images//ISIC_0055090.jpg,0
/mnt/c/Users/eddyarias/Sovos/Sovos-Per-Emp/TIC/DataTIC/ISIC-images//ISIC_0068716.jpg,1
/mnt/c/Users/eddyarias/Sovos/Sovos-Per-Emp/TIC/DataTIC/ISIC-images//ISIC_0068295.jpg,1
/mnt/c/Users/eddyarias/Sovos/Sovos-Per-Emp/TIC/DataTIC/ISIC-images//ISIC_0062828.jpg,0
/mnt/c/Users/eddyarias/Sovos/Sovos-Per-Emp/TIC/DataTIC/ISIC-images//ISIC_0066312.jpg,0
/mnt/c/Users/eddyarias/Sovos/Sovos-Per-Emp/TIC/DataTIC/ISIC-images//ISIC_0055899.jpg,1
/mnt/c/Users/eddyarias/Sovos/Sovos-Per-Emp/TIC/DataTIC/ISIC-images//ISIC_0071415.jpg,1
/mnt/c/Users/eddyarias/Sovos/Sovos-Per-Emp/TIC/DataTIC/ISIC-images//ISIC_0067036.jpg,0
/mnt/c/Users/eddyarias/Sovos/Sovos-Per-Emp/TIC/DataTIC/ISIC-images//ISIC_0068702.jpg,0
/mnt/c/Users/eddyarias/Sovos/Sovos-Per-Emp/TIC/DataTIC/ISIC-images//ISIC_0069301.jpg,1
/mnt/c/Users/eddyarias/Sovos/Sovos-Per-Emp/TIC/DataTIC/ISIC-images//ISIC_0059804.jpg,1
/mnt/c/Users/eddyarias/Sovos/Sovos-Per-Emp/TIC/DataTIC/ISIC-images//ISIC_0062650.jpg,0
/mnt/c/Users/eddyarias/Sovos/Sovos-Per-Emp/TIC/DataTIC/ISIC-images//ISIC_0055808.jpg,0
/mnt/c/Users/eddyarias/Sovos/Sovos-Per-Emp/TIC/DataTIC/ISIC-images//ISIC_0058515.jpg,1
/mnt/c/Users/eddyarias/Sovos/Sovos-Per-Emp/TIC/DataTIC/ISIC-images//ISIC_0070908.jpg,0
/mnt/c/Users/eddyarias/Sovos/Sovos-Per-Emp/TIC/DataTIC/ISIC-images//ISIC_0064038.jpg,1
/mnt/c/Users/eddyarias/Sovos/Sovos-Per-Emp/TIC/DataTIC/ISIC-images//ISIC_0057581.jpg,1
/mnt/c/Users/eddyarias/Sovos/Sovos-Per-Emp/TIC/DataTIC/ISIC-images//ISIC_0071841.jpg,0
/mnt/c/Users/eddyarias/Sovos/Sovos-Per-Emp/TIC/DataTIC/ISIC-images//ISIC_0066420.jpg,0
/mnt/c/Users/eddyarias/Sovos/Sovos-Per-Emp/TIC/DataTIC/ISIC-images//ISIC_0064857.jpg,0
/mnt/c/Users/eddyarias/Sovos/Sovos-Per-Emp/TIC/DataTIC/ISIC-images//ISIC_0054956.jpg,0
/mnt/c/Users/eddyarias/Sovos/Sovos-Per-Emp/TIC/DataTIC/ISIC-images//ISIC_0066150.jpg,1
/mnt/c/Users/eddyarias/Sovos/Sovos-Per-Emp/TIC/DataTIC/ISIC-images//ISIC_0071063.jpg,0
/mnt/c/Users/eddyarias/Sovos/Sovos-Per-Emp/TIC/DataTIC/ISIC-images//ISIC_0062933.jpg,0
/mnt/c/Users/eddyarias/Sovos/Sovos-Per-Emp/TIC/DataTIC/ISIC-images//ISIC_0061127.jpg,1
/mnt/c/Users/eddyarias/Sovos/Sovos-Per-Emp/TIC/DataTIC/ISIC-images//ISIC_0071008.jpg,1
/mnt/c/Users/eddyarias/Sovos/Sovos-Per-Emp/TIC/DataTIC/ISIC-images//ISIC_0069129.jpg,0
/mnt/c/Users/eddyarias/Sovos/Sovos-Per-Emp/TIC/DataTIC/ISIC-images//ISIC_0056866.jpg,1
/mnt/c/Users/eddyarias/Sovos/Sovos-Per-Emp/TIC/DataTIC/ISIC-images//ISIC_0057671.jpg,0
/mnt/c/Users/eddyarias/Sovos/Sovos-Per-Emp/TIC/DataTIC/ISIC-images//ISIC_0056113.jpg,1
/mnt/c/Users/eddyarias/Sovos/Sovos-Per-Emp/TIC/DataTIC/ISIC-images//ISIC_0070850.jpg,0
/mnt/c/Users/eddyarias/Sovos/Sovos-Per-Emp/TIC/DataTIC/ISIC-images//ISIC_0055180.jpg,1
/mnt/c/Users/eddyarias/Sovos/Sovos-Per-Emp/TIC/DataTIC/ISIC-images//ISIC_0058729.jpg,0
/mnt/c/Users/eddyarias/Sovos/Sovos-Per-Emp/TIC/DataTIC/ISIC-images//ISIC_0067793.jpg,1
/mnt/c/Users/eddyarias/Sovos/Sovos-Per-Emp/TIC/DataTIC/ISIC-images//ISIC_0058822.jpg,0
/mnt/c/Users/eddyarias/Sovos/Sovos-Per-Emp/TIC/DataTIC/ISIC-images//ISIC_0058603.jpg,0
/mnt/c/Users/eddyarias/Sovos/Sovos-Per-Emp/TIC/DataTIC/ISIC-images//ISIC_0059536.jpg,0
/mnt/c/Users/eddyarias/Sovos/Sovos-Per-Emp/TIC/DataTIC/ISIC-images//ISIC_0066450.jpg,0
/mnt/c/Users/eddyarias/Sovos/Sovos-Per-Emp/TIC/DataTIC/ISIC-images//ISIC_0065287.jpg,0
/mnt/c/Users/eddyarias/Sovos/Sovos-Per-Emp/TIC/DataTIC/ISIC-images//ISIC_0057151.jpg,0
/mnt/c/Users/eddyarias/Sovos/Sovos-Per-Emp/TIC/DataTIC/ISIC-images//ISIC_0058869.jpg,0
/mnt/c/Users/eddyarias/Sovos/Sovos-Per-Emp/TIC/DataTIC/ISIC-images//ISIC_0058397.jpg,0
/mnt/c/Users/eddyarias/Sovos/Sovos-Per-Emp/TIC/DataTIC/ISIC-images//ISIC_0066821.jpg,1
/mnt/c/Users/eddyarias/Sovos/Sovos-Per-Emp/TIC/DataTIC/ISIC-images//ISIC_0063311.jpg,0
/mnt/c/Users/eddyarias/Sovos/Sovos-Per-Emp/TIC/DataTIC/ISIC-images//ISIC_0072428.jpg,0
/mnt/c/Users/eddyarias/Sovos/Sovos-Per-Emp/TIC/DataTIC/ISIC-images//ISIC_0059357.jpg,0
/mnt/c/Users/eddyarias/Sovos/Sovos-Per-Emp/TIC/DataTIC/ISIC-images//ISIC_0067608.jpg,0
/mnt/c/Users/eddyarias/Sovos/Sovos-Per-Emp/TIC/DataTIC/ISIC-images//ISIC_0067423.jpg,0
/mnt/c/Users/eddyarias/Sovos/Sovos-Per-Emp/TIC/DataTIC/ISIC-images//ISIC_0059632.jpg,1
/mnt/c/Users/eddyarias/Sovos/Sovos-Per-Emp/TIC/DataTIC/ISIC-images//ISIC_0054149.jpg,0
/mnt/c/Users/eddyarias/Sovos/Sovos-Per-Emp/TIC/DataTIC/ISIC-images//ISIC_0063125.jpg,1
/mnt/c/Users/eddyarias/Sovos/Sovos-Per-Emp/TIC/DataTIC/ISIC-images//ISIC_0055993.jpg,1
/mnt/c/Users/eddyarias/Sovos/Sovos-Per-Emp/TIC/DataTIC/ISIC-images//ISIC_0054741.jpg,0
/mnt/c/Users/eddyarias/Sovos/Sovos-Per-Emp/TIC/DataTIC/ISIC-images//ISIC_0067633.jpg,1
/mnt/c/Users/eddyarias/Sovos/Sovos-Per-Emp/TIC/DataTIC/ISIC-images//ISIC_0071212.jpg,0
/mnt/c/Users/eddyarias/Sovos/Sovos-Per-Emp/TIC/DataTIC/ISIC-images//ISIC_0067412.jpg,0
/mnt/c/Users/eddyarias/Sovos/Sovos-Per-Emp/TIC/DataTIC/ISIC-images//ISIC_0063968.jpg,0
/mnt/c/Users/eddyarias/Sovos/Sovos-Per-Emp/TIC/DataTIC/ISIC-images//ISIC_0066398.jpg,1
/mnt/c/Users/eddyarias/Sovos/Sovos-Per-Emp/TIC/DataTIC/ISIC-images//ISIC_0058269.jpg,0
/mnt/c/Users/eddyarias/Sovos/Sovos-Per-Emp/TIC/DataTIC/ISIC-images//ISIC_0060374.jpg,0
/mnt/c/Users/eddyarias/Sovos/Sovos-Per-Emp/TIC/DataTIC/ISIC-images//ISIC_0067873.jpg,1
/mnt/c/Users/eddyarias/Sovos/Sovos-Per-Emp/TIC/DataTIC/ISIC-images//ISIC_0071280.jpg,1
/mnt/c/Users/eddyarias/Sovos/Sovos-Per-Emp/TIC/DataTIC/ISIC-images//ISIC_0058380.jpg,1
/mnt/c/Users/eddyarias/Sovos/Sovos-Per-Emp/TIC/DataTIC/ISIC-images//ISIC_0071391.jpg,0
/mnt/c/Users/eddyarias/Sovos/Sovos-Per-Emp/TIC/DataTIC/ISIC-images//ISIC_0067456.jpg,1
/mnt/c/Users/eddyarias/Sovos/Sovos-Per-Emp/TIC/DataTIC/ISIC-images//ISIC_0056329.jpg,0
/mnt/c/Users/eddyarias/Sovos/Sovos-Per-Emp/TIC/DataTIC/ISIC-images//ISIC_0067815.jpg,1
/mnt/c/Users/eddyarias/Sovos/Sovos-Per-Emp/TIC/DataTIC/ISIC-images//ISIC_0061032.jpg,1
/mnt/c/Users/eddyarias/Sovos/Sovos-Per-Emp/TIC/DataTIC/ISIC-images//ISIC_0063937.jpg,1
/mnt/c/Users/eddyarias/Sovos/Sovos-Per-Emp/TIC/DataTIC/ISIC-images//ISIC_0066376.jpg,1
/mnt/c/Users/eddyarias/Sovos/Sovos-Per-Emp/TIC/DataTIC/ISIC-images//ISIC_0068227.jpg,1
/mnt/c/Users/eddyarias/Sovos/Sovos-Per-Emp/TIC/DataTIC/ISIC-images//ISIC_0069924.jpg,0
/mnt/c/Users/eddyarias/Sovos/Sovos-Per-Emp/TIC/DataTIC/ISIC-images//ISIC_0053552.jpg,0
/mnt/c/Users/eddyarias/Sovos/Sovos-Per-Emp/TIC/DataTIC/ISIC-images//ISIC_0063428.jpg,1
/mnt/c/Users/eddyarias/Sovos/Sovos-Per-Emp/TIC/DataTIC/ISIC-images//ISIC_0061400.jpg,1
/mnt/c/Users/eddyarias/Sovos/Sovos-Per-Emp/TIC/DataTIC/ISIC-images//ISIC_0059055.jpg,0
/mnt/c/Users/eddyarias/Sovos/Sovos-Per-Emp/TIC/DataTIC/ISIC-images//ISIC_0060284.jpg,1
/mnt/c/Users/eddyarias/Sovos/Sovos-Per-Emp/TIC/DataTIC/ISIC-images//ISIC_0055337.jpg,1
/mnt/c/Users/eddyarias/Sovos/Sovos-Per-Emp/TIC/DataTIC/ISIC-images//ISIC_0072599.jpg,1
/mnt/c/Users/eddyarias/Sovos/Sovos-Per-Emp/TIC/DataTIC/ISIC-images//ISIC_0072988.jpg,1
/mnt/c/Users/eddyarias/Sovos/Sovos-Per-Emp/TIC/DataTIC/ISIC-images//ISIC_0053860.jpg,1
/mnt/c/Users/eddyarias/Sovos/Sovos-Per-Emp/TIC/DataTIC/ISIC-images//ISIC_0065599.jpg,1
/mnt/c/Users/eddyarias/Sovos/Sovos-Per-Emp/TIC/DataTIC/ISIC-images//ISIC_0055509.jpg,1
/mnt/c/Users/eddyarias/Sovos/Sovos-Per-Emp/TIC/DataTIC/ISIC-images//ISIC_0060432.jpg,0
/mnt/c/Users/eddyarias/Sovos/Sovos-Per-Emp/TIC/DataTIC/ISIC-images//ISIC_0060140.jpg,1
/mnt/c/Users/eddyarias/Sovos/Sovos-Per-Emp/TIC/DataTIC/ISIC-images//ISIC_0055144.jpg,0
/mnt/c/Users/eddyarias/Sovos/Sovos-Per-Emp/TIC/DataTIC/ISIC-images//ISIC_0072191.jpg,1
/mnt/c/Users/eddyarias/Sovos/Sovos-Per-Emp/TIC/DataTIC/ISIC-images//ISIC_0064308.jpg,0
/mnt/c/Users/eddyarias/Sovos/Sovos-Per-Emp/TIC/DataTIC/ISIC-images//ISIC_0054120.jpg,1
/mnt/c/Users/eddyarias/Sovos/Sovos-Per-Emp/TIC/DataTIC/ISIC-images//ISIC_0060496.jpg,0
/mnt/c/Users/eddyarias/Sovos/Sovos-Per-Emp/TIC/DataTIC/ISIC-images//ISIC_0056206.jpg,1
/mnt/c/Users/eddyarias/Sovos/Sovos-Per-Emp/TIC/DataTIC/ISIC-images//ISIC_0055223.jpg,1
/mnt/c/Users/eddyarias/Sovos/Sovos-Per-Emp/TIC/DataTIC/ISIC-images//ISIC_0070649.jpg,0
/mnt/c/Users/eddyarias/Sovos/Sovos-Per-Emp/TIC/DataTIC/ISIC-images//ISIC_0070184.jpg,0
/mnt/c/Users/eddyarias/Sovos/Sovos-Per-Emp/TIC/DataTIC/ISIC-images//ISIC_0056218.jpg,1
/mnt/c/Users/eddyarias/Sovos/Sovos-Per-Emp/TIC/DataTIC/ISIC-images//ISIC_0053782.jpg,0
/mnt/c/Users/eddyarias/Sovos/Sovos-Per-Emp/TIC/DataTIC/ISIC-images//ISIC_0067661.jpg,0
/mnt/c/Users/eddyarias/Sovos/Sovos-Per-Emp/TIC/DataTIC/ISIC-images//ISIC_0068523.jpg,1
/mnt/c/Users/eddyarias/Sovos/Sovos-Per-Emp/TIC/DataTIC/ISIC-images//ISIC_0060212.jpg,1
/mnt/c/Users/eddyarias/Sovos/Sovos-Per-Emp/TIC/DataTIC/ISIC-images//ISIC_0062464.jpg,1
/mnt/c/Users/eddyarias/Sovos/Sovos-Per-Emp/TIC/DataTIC/ISIC-images//ISIC_0057050.jpg,1
/mnt/c/Users/eddyarias/Sovos/Sovos-Per-Emp/TIC/DataTIC/ISIC-images//ISIC_0069757.jpg,0
/mnt/c/Users/eddyarias/Sovos/Sovos-Per-Emp/TIC/DataTIC/ISIC-images//ISIC_0056189.jpg,1
/mnt/c/Users/eddyarias/Sovos/Sovos-Per-Emp/TIC/DataTIC/ISIC-images//ISIC_0070199.jpg,1
/mnt/c/Users/eddyarias/Sovos/Sovos-Per-Emp/TIC/DataTIC/ISIC-images//ISIC_0073207.jpg,0
/mnt/c/Users/eddyarias/Sovos/Sovos-Per-Emp/TIC/DataTIC/ISIC-images//ISIC_0061666.jpg,0
/mnt/c/Users/eddyarias/Sovos/Sovos-Per-Emp/TIC/DataTIC/ISIC-images//ISIC_0053549.jpg,1
/mnt/c/Users/eddyarias/Sovos/Sovos-Per-Emp/TIC/DataTIC/ISIC-images//ISIC_0067441.jpg,1
/mnt/c/Users/eddyarias/Sovos/Sovos-Per-Emp/TIC/DataTIC/ISIC-images//ISIC_0072647.jpg,0
/mnt/c/Users/eddyarias/Sovos/Sovos-Per-Emp/TIC/DataTIC/ISIC-images//ISIC_0069618.jpg,0
/mnt/c/Users/eddyarias/Sovos/Sovos-Per-Emp/TIC/DataTIC/ISIC-images//ISIC_0067234.jpg,0
/mnt/c/Users/eddyarias/Sovos/Sovos-Per-Emp/TIC/DataTIC/ISIC-images//ISIC_0067135.jpg,1
/mnt/c/Users/eddyarias/Sovos/Sovos-Per-Emp/TIC/DataTIC/ISIC-images//ISIC_0056161.jpg,0
/mnt/c/Users/eddyarias/Sovos/Sovos-Per-Emp/TIC/DataTIC/ISIC-images//ISIC_0063875.jpg,0
/mnt/c/Users/eddyarias/Sovos/Sovos-Per-Emp/TIC/DataTIC/ISIC-images//ISIC_0062979.jpg,0
/mnt/c/Users/eddyarias/Sovos/Sovos-Per-Emp/TIC/DataTIC/ISIC-images//ISIC_0064791.jpg,0
/mnt/c/Users/eddyarias/Sovos/Sovos-Per-Emp/TIC/DataTIC/ISIC-images//ISIC_0060991.jpg,1
/mnt/c/Users/eddyarias/Sovos/Sovos-Per-Emp/TIC/DataTIC/ISIC-images//ISIC_0058031.jpg,0
/mnt/c/Users/eddyarias/Sovos/Sovos-Per-Emp/TIC/DataTIC/ISIC-images//ISIC_0068422.jpg,0
/mnt/c/Users/eddyarias/Sovos/Sovos-Per-Emp/TIC/DataTIC/ISIC-images//ISIC_0069718.jpg,1
/mnt/c/Users/eddyarias/Sovos/Sovos-Per-Emp/TIC/DataTIC/ISIC-images//ISIC_0053463.jpg,1
/mnt/c/Users/eddyarias/Sovos/Sovos-Per-Emp/TIC/DataTIC/ISIC-images//ISIC_0068268.jpg,0
/mnt/c/Users/eddyarias/Sovos/Sovos-Per-Emp/TIC/DataTIC/ISIC-images//ISIC_0067814.jpg,1
/mnt/c/Users/eddyarias/Sovos/Sovos-Per-Emp/TIC/DataTIC/ISIC-images//ISIC_0054710.jpg,1
/mnt/c/Users/eddyarias/Sovos/Sovos-Per-Emp/TIC/DataTIC/ISIC-images//ISIC_0069104.jpg,1
/mnt/c/Users/eddyarias/Sovos/Sovos-Per-Emp/TIC/DataTIC/ISIC-images//ISIC_0073195.jpg,1
/mnt/c/Users/eddyarias/Sovos/Sovos-Per-Emp/TIC/DataTIC/ISIC-images//ISIC_0054205.jpg,1
/mnt/c/Users/eddyarias/Sovos/Sovos-Per-Emp/TIC/DataTIC/ISIC-images//ISIC_0061404.jpg,1
/mnt/c/Users/eddyarias/Sovos/Sovos-Per-Emp/TIC/DataTIC/ISIC-images//ISIC_0064113.jpg,1
/mnt/c/Users/eddyarias/Sovos/Sovos-Per-Emp/TIC/DataTIC/ISIC-images//ISIC_0055131.jpg,1
/mnt/c/Users/eddyarias/Sovos/Sovos-Per-Emp/TIC/DataTIC/ISIC-images//ISIC_0063096.jpg,0
/mnt/c/Users/eddyarias/Sovos/Sovos-Per-Emp/TIC/DataTIC/ISIC-images//ISIC_0061824.jpg,1
/mnt/c/Users/eddyarias/Sovos/Sovos-Per-Emp/TIC/DataTIC/ISIC-images//ISIC_0069537.jpg,1
/mnt/c/Users/eddyarias/Sovos/Sovos-Per-Emp/TIC/DataTIC/ISIC-images//ISIC_0056205.jpg,1
/mnt/c/Users/eddyarias/Sovos/Sovos-Per-Emp/TIC/DataTIC/ISIC-images//ISIC_0069225.jpg,0
/mnt/c/Users/eddyarias/Sovos/Sovos-Per-Emp/TIC/DataTIC/ISIC-images//ISIC_0059892.jpg,1
/mnt/c/Users/eddyarias/Sovos/Sovos-Per-Emp/TIC/DataTIC/ISIC-images//ISIC_0058503.jpg,1
/mnt/c/Users/eddyarias/Sovos/Sovos-Per-Emp/TIC/DataTIC/ISIC-images//ISIC_0060860.jpg,0
/mnt/c/Users/eddyarias/Sovos/Sovos-Per-Emp/TIC/DataTIC/ISIC-images//ISIC_0054032.jpg,1
/mnt/c/Users/eddyarias/Sovos/Sovos-Per-Emp/TIC/DataTIC/ISIC-images//ISIC_0053589.jpg,1
/mnt/c/Users/eddyarias/Sovos/Sovos-Per-Emp/TIC/DataTIC/ISIC-images//ISIC_0063392.jpg,1
/mnt/c/Users/eddyarias/Sovos/Sovos-Per-Emp/TIC/DataTIC/ISIC-images//ISIC_0068407.jpg,1
/mnt/c/Users/eddyarias/Sovos/Sovos-Per-Emp/TIC/DataTIC/ISIC-images//ISIC_0059354.jpg,0
/mnt/c/Users/eddyarias/Sovos/Sovos-Per-Emp/TIC/DataTIC/ISIC-images//ISIC_0070630.jpg,1
/mnt/c/Users/eddyarias/Sovos/Sovos-Per-Emp/TIC/DataTIC/ISIC-images//ISIC_0071595.jpg,0
/mnt/c/Users/eddyarias/Sovos/Sovos-Per-Emp/TIC/DataTIC/ISIC-images//ISIC_0055225.jpg,1
/mnt/c/Users/eddyarias/Sovos/Sovos-Per-Emp/TIC/DataTIC/ISIC-images//ISIC_0053793.jpg,0
/mnt/c/Users/eddyarias/Sovos/Sovos-Per-Emp/TIC/DataTIC/ISIC-images//ISIC_0064388.jpg,0
/mnt/c/Users/eddyarias/Sovos/Sovos-Per-Emp/TIC/DataTIC/ISIC-images//ISIC_0056386.jpg,0
/mnt/c/Users/eddyarias/Sovos/Sovos-Per-Emp/TIC/DataTIC/ISIC-images//ISIC_0060386.jpg,1
/mnt/c/Users/eddyarias/Sovos/Sovos-Per-Emp/TIC/DataTIC/ISIC-images//ISIC_0055697.jpg,0
/mnt/c/Users/eddyarias/Sovos/Sovos-Per-Emp/TIC/DataTIC/ISIC-images//ISIC_0071572.jpg,0
/mnt/c/Users/eddyarias/Sovos/Sovos-Per-Emp/TIC/DataTIC/ISIC-images//ISIC_0053632.jpg,1
/mnt/c/Users/eddyarias/Sovos/Sovos-Per-Emp/TIC/DataTIC/ISIC-images//ISIC_0066853.jpg,0
/mnt/c/Users/eddyarias/Sovos/Sovos-Per-Emp/TIC/DataTIC/ISIC-images//ISIC_0054694.jpg,1
/mnt/c/Users/eddyarias/Sovos/Sovos-Per-Emp/TIC/DataTIC/ISIC-images//ISIC_0057994.jpg,0
/mnt/c/Users/eddyarias/Sovos/Sovos-Per-Emp/TIC/DataTIC/ISIC-images//ISIC_0058823.jpg,0
/mnt/c/Users/eddyarias/Sovos/Sovos-Per-Emp/TIC/DataTIC/ISIC-images//ISIC_0058372.jpg,1
/mnt/c/Users/eddyarias/Sovos/Sovos-Per-Emp/TIC/DataTIC/ISIC-images//ISIC_0061160.jpg,0
/mnt/c/Users/eddyarias/Sovos/Sovos-Per-Emp/TIC/DataTIC/ISIC-images//ISIC_0062035.jpg,1
/mnt/c/Users/eddyarias/Sovos/Sovos-Per-Emp/TIC/DataTIC/ISIC-images//ISIC_0053543.jpg,1
/mnt/c/Users/eddyarias/Sovos/Sovos-Per-Emp/TIC/DataTIC/ISIC-images//ISIC_0069513.jpg,1
/mnt/c/Users/eddyarias/Sovos/Sovos-Per-Emp/TIC/DataTIC/ISIC-images//ISIC_0056705.jpg,0
/mnt/c/Users/eddyarias/Sovos/Sovos-Per-Emp/TIC/DataTIC/ISIC-images//ISIC_0057609.jpg,1
/mnt/c/Users/eddyarias/Sovos/Sovos-Per-Emp/TIC/DataTIC/ISIC-images//ISIC_0072094.jpg,0
/mnt/c/Users/eddyarias/Sovos/Sovos-Per-Emp/TIC/DataTIC/ISIC-images//ISIC_0069506.jpg,1
/mnt/c/Users/eddyarias/Sovos/Sovos-Per-Emp/TIC/DataTIC/ISIC-images//ISIC_0070111.jpg,1
/mnt/c/Users/eddyarias/Sovos/Sovos-Per-Emp/TIC/DataTIC/ISIC-images//ISIC_0056889.jpg,1
/mnt/c/Users/eddyarias/Sovos/Sovos-Per-Emp/TIC/DataTIC/ISIC-images//ISIC_0071564.jpg,0
/mnt/c/Users/eddyarias/Sovos/Sovos-Per-Emp/TIC/DataTIC/ISIC-images//ISIC_0056861.jpg,0
/mnt/c/Users/eddyarias/Sovos/Sovos-Per-Emp/TIC/DataTIC/ISIC-images//ISIC_0054036.jpg,1
/mnt/c/Users/eddyarias/Sovos/Sovos-Per-Emp/TIC/DataTIC/ISIC-images//ISIC_0053713.jpg,0
/mnt/c/Users/eddyarias/Sovos/Sovos-Per-Emp/TIC/DataTIC/ISIC-images//ISIC_0064671.jpg,0
/mnt/c/Users/eddyarias/Sovos/Sovos-Per-Emp/TIC/DataTIC/ISIC-images//ISIC_0068132.jpg,0
/mnt/c/Users/eddyarias/Sovos/Sovos-Per-Emp/TIC/DataTIC/ISIC-images//ISIC_0066347.jpg,1
/mnt/c/Users/eddyarias/Sovos/Sovos-Per-Emp/TIC/DataTIC/ISIC-images//ISIC_0060365.jpg,1
/mnt/c/Users/eddyarias/Sovos/Sovos-Per-Emp/TIC/DataTIC/ISIC-images//ISIC_0059141.jpg,1
/mnt/c/Users/eddyarias/Sovos/Sovos-Per-Emp/TIC/DataTIC/ISIC-images//ISIC_0069617.jpg,1
/mnt/c/Users/eddyarias/Sovos/Sovos-Per-Emp/TIC/DataTIC/ISIC-images//ISIC_0055937.jpg,1
/mnt/c/Users/eddyarias/Sovos/Sovos-Per-Emp/TIC/DataTIC/ISIC-images//ISIC_0066872.jpg,0
/mnt/c/Users/eddyarias/Sovos/Sovos-Per-Emp/TIC/DataTIC/ISIC-images//ISIC_0063519.jpg,0
/mnt/c/Users/eddyarias/Sovos/Sovos-Per-Emp/TIC/DataTIC/ISIC-images//ISIC_0060607.jpg,0
/mnt/c/Users/eddyarias/Sovos/Sovos-Per-Emp/TIC/DataTIC/ISIC-images//ISIC_0068902.jpg,0
/mnt/c/Users/eddyarias/Sovos/Sovos-Per-Emp/TIC/DataTIC/ISIC-images//ISIC_0065506.jpg,0
/mnt/c/Users/eddyarias/Sovos/Sovos-Per-Emp/TIC/DataTIC/ISIC-images//ISIC_0067555.jpg,1
/mnt/c/Users/eddyarias/Sovos/Sovos-Per-Emp/TIC/DataTIC/ISIC-images//ISIC_0066246.jpg,0
/mnt/c/Users/eddyarias/Sovos/Sovos-Per-Emp/TIC/DataTIC/ISIC-images//ISIC_0053691.jpg,1
/mnt/c/Users/eddyarias/Sovos/Sovos-Per-Emp/TIC/DataTIC/ISIC-images//ISIC_0061250.jpg,1
/mnt/c/Users/eddyarias/Sovos/Sovos-Per-Emp/TIC/DataTIC/ISIC-images//ISIC_0059221.jpg,0
/mnt/c/Users/eddyarias/Sovos/Sovos-Per-Emp/TIC/DataTIC/ISIC-images//ISIC_0072333.jpg,0
/mnt/c/Users/eddyarias/Sovos/Sovos-Per-Emp/TIC/DataTIC/ISIC-images//ISIC_0059435.jpg,1
/mnt/c/Users/eddyarias/Sovos/Sovos-Per-Emp/TIC/DataTIC/ISIC-images//ISIC_0068836.jpg,1
/mnt/c/Users/eddyarias/Sovos/Sovos-Per-Emp/TIC/DataTIC/ISIC-images//ISIC_0065890.jpg,1
/mnt/c/Users/eddyarias/Sovos/Sovos-Per-Emp/TIC/DataTIC/ISIC-images//ISIC_0055748.jpg,1
/mnt/c/Users/eddyarias/Sovos/Sovos-Per-Emp/TIC/DataTIC/ISIC-images//ISIC_0054410.jpg,1
/mnt/c/Users/eddyarias/Sovos/Sovos-Per-Emp/TIC/DataTIC/ISIC-images//ISIC_0059944.jpg,0
/mnt/c/Users/eddyarias/Sovos/Sovos-Per-Emp/TIC/DataTIC/ISIC-images//ISIC_0057368.jpg,0
/mnt/c/Users/eddyarias/Sovos/Sovos-Per-Emp/TIC/DataTIC/ISIC-images//ISIC_0063333.jpg,0
/mnt/c/Users/eddyarias/Sovos/Sovos-Per-Emp/TIC/DataTIC/ISIC-images//ISIC_0065867.jpg,0
/mnt/c/Users/eddyarias/Sovos/Sovos-Per-Emp/TIC/DataTIC/ISIC-images//ISIC_0064447.jpg,1
/mnt/c/Users/eddyarias/Sovos/Sovos-Per-Emp/TIC/DataTIC/ISIC-images//ISIC_0065879.jpg,1
/mnt/c/Users/eddyarias/Sovos/Sovos-Per-Emp/TIC/DataTIC/ISIC-images//ISIC_0064731.jpg,1
/mnt/c/Users/eddyarias/Sovos/Sovos-Per-Emp/TIC/DataTIC/ISIC-images//ISIC_0060523.jpg,0
/mnt/c/Users/eddyarias/Sovos/Sovos-Per-Emp/TIC/DataTIC/ISIC-images//ISIC_0060298.jpg,1
/mnt/c/Users/eddyarias/Sovos/Sovos-Per-Emp/TIC/DataTIC/ISIC-images//ISIC_0070547.jpg,0
/mnt/c/Users/eddyarias/Sovos/Sovos-Per-Emp/TIC/DataTIC/ISIC-images//ISIC_0058232.jpg,1
/mnt/c/Users/eddyarias/Sovos/Sovos-Per-Emp/TIC/DataTIC/ISIC-images//ISIC_0063819.jpg,1
/mnt/c/Users/eddyarias/Sovos/Sovos-Per-Emp/TIC/DataTIC/ISIC-images//ISIC_0070668.jpg,0
/mnt/c/Users/eddyarias/Sovos/Sovos-Per-Emp/TIC/DataTIC/ISIC-images//ISIC_0061546.jpg,0
/mnt/c/Users/eddyarias/Sovos/Sovos-Per-Emp/TIC/DataTIC/ISIC-images//ISIC_0068550.jpg,0
/mnt/c/Users/eddyarias/Sovos/Sovos-Per-Emp/TIC/DataTIC/ISIC-images//ISIC_0056583.jpg,0
/mnt/c/Users/eddyarias/Sovos/Sovos-Per-Emp/TIC/DataTIC/ISIC-images//ISIC_0072007.jpg,0
/mnt/c/Users/eddyarias/Sovos/Sovos-Per-Emp/TIC/DataTIC/ISIC-images//ISIC_0058266.jpg,0
/mnt/c/Users/eddyarias/Sovos/Sovos-Per-Emp/TIC/DataTIC/ISIC-images//ISIC_0071066.jpg,0
/mnt/c/Users/eddyarias/Sovos/Sovos-Per-Emp/TIC/DataTIC/ISIC-images//ISIC_0054212.jpg,0
/mnt/c/Users/eddyarias/Sovos/Sovos-Per-Emp/TIC/DataTIC/ISIC-images//ISIC_0072813.jpg,1
/mnt/c/Users/eddyarias/Sovos/Sovos-Per-Emp/TIC/DataTIC/ISIC-images//ISIC_0057686.jpg,1
/mnt/c/Users/eddyarias/Sovos/Sovos-Per-Emp/TIC/DataTIC/ISIC-images//ISIC_0068937.jpg,0
/mnt/c/Users/eddyarias/Sovos/Sovos-Per-Emp/TIC/DataTIC/ISIC-images//ISIC_0061936.jpg,1
/mnt/c/Users/eddyarias/Sovos/Sovos-Per-Emp/TIC/DataTIC/ISIC-images//ISIC_0059442.jpg,0
/mnt/c/Users/eddyarias/Sovos/Sovos-Per-Emp/TIC/DataTIC/ISIC-images//ISIC_0056881.jpg,0
/mnt/c/Users/eddyarias/Sovos/Sovos-Per-Emp/TIC/DataTIC/ISIC-images//ISIC_0067031.jpg,0
/mnt/c/Users/eddyarias/Sovos/Sovos-Per-Emp/TIC/DataTIC/ISIC-images//ISIC_0065238.jpg,0
/mnt/c/Users/eddyarias/Sovos/Sovos-Per-Emp/TIC/DataTIC/ISIC-images//ISIC_0071629.jpg,0
/mnt/c/Users/eddyarias/Sovos/Sovos-Per-Emp/TIC/DataTIC/ISIC-images//ISIC_0065042.jpg,0
/mnt/c/Users/eddyarias/Sovos/Sovos-Per-Emp/TIC/DataTIC/ISIC-images//ISIC_0057504.jpg,1
/mnt/c/Users/eddyarias/Sovos/Sovos-Per-Emp/TIC/DataTIC/ISIC-images//ISIC_0058952.jpg,0
/mnt/c/Users/eddyarias/Sovos/Sovos-Per-Emp/TIC/DataTIC/ISIC-images//ISIC_0053652.jpg,0
/mnt/c/Users/eddyarias/Sovos/Sovos-Per-Emp/TIC/DataTIC/ISIC-images//ISIC_0062138.jpg,1
/mnt/c/Users/eddyarias/Sovos/Sovos-Per-Emp/TIC/DataTIC/ISIC-images//ISIC_0059646.jpg,1
/mnt/c/Users/eddyarias/Sovos/Sovos-Per-Emp/TIC/DataTIC/ISIC-images//ISIC_0072436.jpg,0
/mnt/c/Users/eddyarias/Sovos/Sovos-Per-Emp/TIC/DataTIC/ISIC-images//ISIC_0065080.jpg,0
/mnt/c/Users/eddyarias/Sovos/Sovos-Per-Emp/TIC/DataTIC/ISIC-images//ISIC_0066813.jpg,1
/mnt/c/Users/eddyarias/Sovos/Sovos-Per-Emp/TIC/DataTIC/ISIC-images//ISIC_0056094.jpg,0
/mnt/c/Users/eddyarias/Sovos/Sovos-Per-Emp/TIC/DataTIC/ISIC-images//ISIC_0054909.jpg,0
/mnt/c/Users/eddyarias/Sovos/Sovos-Per-Emp/TIC/DataTIC/ISIC-images//ISIC_0062284.jpg,1
/mnt/c/Users/eddyarias/Sovos/Sovos-Per-Emp/TIC/DataTIC/ISIC-images//ISIC_0069653.jpg,0
/mnt/c/Users/eddyarias/Sovos/Sovos-Per-Emp/TIC/DataTIC/ISIC-images//ISIC_0067366.jpg,0
/mnt/c/Users/eddyarias/Sovos/Sovos-Per-Emp/TIC/DataTIC/ISIC-images//ISIC_0063991.jpg,1
/mnt/c/Users/eddyarias/Sovos/Sovos-Per-Emp/TIC/DataTIC/ISIC-images//ISIC_0067174.jpg,1
/mnt/c/Users/eddyarias/Sovos/Sovos-Per-Emp/TIC/DataTIC/ISIC-images//ISIC_0054739.jpg,0
/mnt/c/Users/eddyarias/Sovos/Sovos-Per-Emp/TIC/DataTIC/ISIC-images//ISIC_0071563.jpg,1
/mnt/c/Users/eddyarias/Sovos/Sovos-Per-Emp/TIC/DataTIC/ISIC-images//ISIC_0070470.jpg,0
/mnt/c/Users/eddyarias/Sovos/Sovos-Per-Emp/TIC/DataTIC/ISIC-images//ISIC_0067880.jpg,0
/mnt/c/Users/eddyarias/Sovos/Sovos-Per-Emp/TIC/DataTIC/ISIC-images//ISIC_0061474.jpg,0
/mnt/c/Users/eddyarias/Sovos/Sovos-Per-Emp/TIC/DataTIC/ISIC-images//ISIC_0067090.jpg,0
/mnt/c/Users/eddyarias/Sovos/Sovos-Per-Emp/TIC/DataTIC/ISIC-images//ISIC_0071940.jpg,0
/mnt/c/Users/eddyarias/Sovos/Sovos-Per-Emp/TIC/DataTIC/ISIC-images//ISIC_0063035.jpg,0
/mnt/c/Users/eddyarias/Sovos/Sovos-Per-Emp/TIC/DataTIC/ISIC-images//ISIC_0056549.jpg,0
/mnt/c/Users/eddyarias/Sovos/Sovos-Per-Emp/TIC/DataTIC/ISIC-images//ISIC_0057121.jpg,1
/mnt/c/Users/eddyarias/Sovos/Sovos-Per-Emp/TIC/DataTIC/ISIC-images//ISIC_0065016.jpg,0
/mnt/c/Users/eddyarias/Sovos/Sovos-Per-Emp/TIC/DataTIC/ISIC-images//ISIC_0069785.jpg,0
/mnt/c/Users/eddyarias/Sovos/Sovos-Per-Emp/TIC/DataTIC/ISIC-images//ISIC_0060693.jpg,1
/mnt/c/Users/eddyarias/Sovos/Sovos-Per-Emp/TIC/DataTIC/ISIC-images//ISIC_0064848.jpg,0
/mnt/c/Users/eddyarias/Sovos/Sovos-Per-Emp/TIC/DataTIC/ISIC-images//ISIC_0059515.jpg,1
/mnt/c/Users/eddyarias/Sovos/Sovos-Per-Emp/TIC/DataTIC/ISIC-images//ISIC_0072701.jpg,1
/mnt/c/Users/eddyarias/Sovos/Sovos-Per-Emp/TIC/DataTIC/ISIC-images//ISIC_0057266.jpg,1
/mnt/c/Users/eddyarias/Sovos/Sovos-Per-Emp/TIC/DataTIC/ISIC-images//ISIC_0069180.jpg,1
/mnt/c/Users/eddyarias/Sovos/Sovos-Per-Emp/TIC/DataTIC/ISIC-images//ISIC_0068170.jpg,0
/mnt/c/Users/eddyarias/Sovos/Sovos-Per-Emp/TIC/DataTIC/ISIC-images//ISIC_0053470.jpg,1
/mnt/c/Users/eddyarias/Sovos/Sovos-Per-Emp/TIC/DataTIC/ISIC-images//ISIC_0057396.jpg,0
/mnt/c/Users/eddyarias/Sovos/Sovos-Per-Emp/TIC/DataTIC/ISIC-images//ISIC_0059189.jpg,1
/mnt/c/Users/eddyarias/Sovos/Sovos-Per-Emp/TIC/DataTIC/ISIC-images//ISIC_0068124.jpg,1
/mnt/c/Users/eddyarias/Sovos/Sovos-Per-Emp/TIC/DataTIC/ISIC-images//ISIC_0073085.jpg,0
/mnt/c/Users/eddyarias/Sovos/Sovos-Per-Emp/TIC/DataTIC/ISIC-images//ISIC_0067084.jpg,1
/mnt/c/Users/eddyarias/Sovos/Sovos-Per-Emp/TIC/DataTIC/ISIC-images//ISIC_0055539.jpg,1
/mnt/c/Users/eddyarias/Sovos/Sovos-Per-Emp/TIC/DataTIC/ISIC-images//ISIC_0060773.jpg,1
/mnt/c/Users/eddyarias/Sovos/Sovos-Per-Emp/TIC/DataTIC/ISIC-images//ISIC_0070915.jpg,0
/mnt/c/Users/eddyarias/Sovos/Sovos-Per-Emp/TIC/DataTIC/ISIC-images//ISIC_0061857.jpg,0
/mnt/c/Users/eddyarias/Sovos/Sovos-Per-Emp/TIC/DataTIC/ISIC-images//ISIC_0056091.jpg,0
/mnt/c/Users/eddyarias/Sovos/Sovos-Per-Emp/TIC/DataTIC/ISIC-images//ISIC_0058040.jpg,1
/mnt/c/Users/eddyarias/Sovos/Sovos-Per-Emp/TIC/DataTIC/ISIC-images//ISIC_0061925.jpg,1
/mnt/c/Users/eddyarias/Sovos/Sovos-Per-Emp/TIC/DataTIC/ISIC-images//ISIC_0063996.jpg,0
/mnt/c/Users/eddyarias/Sovos/Sovos-Per-Emp/TIC/DataTIC/ISIC-images//ISIC_0066083.jpg,0
/mnt/c/Users/eddyarias/Sovos/Sovos-Per-Emp/TIC/DataTIC/ISIC-images//ISIC_0056368.jpg,0
/mnt/c/Users/eddyarias/Sovos/Sovos-Per-Emp/TIC/DataTIC/ISIC-images//ISIC_0068796.jpg,1
/mnt/c/Users/eddyarias/Sovos/Sovos-Per-Emp/TIC/DataTIC/ISIC-images//ISIC_0071218.jpg,1
/mnt/c/Users/eddyarias/Sovos/Sovos-Per-Emp/TIC/DataTIC/ISIC-images//ISIC_0060447.jpg,0
/mnt/c/Users/eddyarias/Sovos/Sovos-Per-Emp/TIC/DataTIC/ISIC-images//ISIC_0071174.jpg,0
/mnt/c/Users/eddyarias/Sovos/Sovos-Per-Emp/TIC/DataTIC/ISIC-images//ISIC_0067230.jpg,1
/mnt/c/Users/eddyarias/Sovos/Sovos-Per-Emp/TIC/DataTIC/ISIC-images//ISIC_0053854.jpg,1
/mnt/c/Users/eddyarias/Sovos/Sovos-Per-Emp/TIC/DataTIC/ISIC-images//ISIC_0056829.jpg,0
/mnt/c/Users/eddyarias/Sovos/Sovos-Per-Emp/TIC/DataTIC/ISIC-images//ISIC_0059554.jpg,1
/mnt/c/Users/eddyarias/Sovos/Sovos-Per-Emp/TIC/DataTIC/ISIC-images//ISIC_0057514.jpg,0
/mnt/c/Users/eddyarias/Sovos/Sovos-Per-Emp/TIC/DataTIC/ISIC-images//ISIC_0064242.jpg,0
/mnt/c/Users/eddyarias/Sovos/Sovos-Per-Emp/TIC/DataTIC/ISIC-images//ISIC_0070853.jpg,1
/mnt/c/Users/eddyarias/Sovos/Sovos-Per-Emp/TIC/DataTIC/ISIC-images//ISIC_0069616.jpg,0
/mnt/c/Users/eddyarias/Sovos/Sovos-Per-Emp/TIC/DataTIC/ISIC-images//ISIC_0069054.jpg,0
/mnt/c/Users/eddyarias/Sovos/Sovos-Per-Emp/TIC/DataTIC/ISIC-images//ISIC_0063934.jpg,0
/mnt/c/Users/eddyarias/Sovos/Sovos-Per-Emp/TIC/DataTIC/ISIC-images//ISIC_0069221.jpg,0
/mnt/c/Users/eddyarias/Sovos/Sovos-Per-Emp/TIC/DataTIC/ISIC-images//ISIC_0057228.jpg,0
/mnt/c/Users/eddyarias/Sovos/Sovos-Per-Emp/TIC/DataTIC/ISIC-images//ISIC_0071577.jpg,0
/mnt/c/Users/eddyarias/Sovos/Sovos-Per-Emp/TIC/DataTIC/ISIC-images//ISIC_0064288.jpg,0
/mnt/c/Users/eddyarias/Sovos/Sovos-Per-Emp/TIC/DataTIC/ISIC-images//ISIC_0070948.jpg,0
/mnt/c/Users/eddyarias/Sovos/Sovos-Per-Emp/TIC/DataTIC/ISIC-images//ISIC_0055928.jpg,0
/mnt/c/Users/eddyarias/Sovos/Sovos-Per-Emp/TIC/DataTIC/ISIC-images//ISIC_0072943.jpg,0
/mnt/c/Users/eddyarias/Sovos/Sovos-Per-Emp/TIC/DataTIC/ISIC-images//ISIC_0064649.jpg,1
/mnt/c/Users/eddyarias/Sovos/Sovos-Per-Emp/TIC/DataTIC/ISIC-images//ISIC_0066975.jpg,0
/mnt/c/Users/eddyarias/Sovos/Sovos-Per-Emp/TIC/DataTIC/ISIC-images//ISIC_0062275.jpg,0
/mnt/c/Users/eddyarias/Sovos/Sovos-Per-Emp/TIC/DataTIC/ISIC-images//ISIC_0058843.jpg,0
/mnt/c/Users/eddyarias/Sovos/Sovos-Per-Emp/TIC/DataTIC/ISIC-images//ISIC_0073016.jpg,1
/mnt/c/Users/eddyarias/Sovos/Sovos-Per-Emp/TIC/DataTIC/ISIC-images//ISIC_0054286.jpg,0
/mnt/c/Users/eddyarias/Sovos/Sovos-Per-Emp/TIC/DataTIC/ISIC-images//ISIC_0062720.jpg,0
/mnt/c/Users/eddyarias/Sovos/Sovos-Per-Emp/TIC/DataTIC/ISIC-images//ISIC_0057731.jpg,1
/mnt/c/Users/eddyarias/Sovos/Sovos-Per-Emp/TIC/DataTIC/ISIC-images//ISIC_0067907.jpg,1
/mnt/c/Users/eddyarias/Sovos/Sovos-Per-Emp/TIC/DataTIC/ISIC-images//ISIC_0067914.jpg,1
/mnt/c/Users/eddyarias/Sovos/Sovos-Per-Emp/TIC/DataTIC/ISIC-images//ISIC_0064854.jpg,0
/mnt/c/Users/eddyarias/Sovos/Sovos-Per-Emp/TIC/DataTIC/ISIC-images//ISIC_0065485.jpg,0
/mnt/c/Users/eddyarias/Sovos/Sovos-Per-Emp/TIC/DataTIC/ISIC-images//ISIC_0065432.jpg,1
/mnt/c/Users/eddyarias/Sovos/Sovos-Per-Emp/TIC/DataTIC/ISIC-images//ISIC_0056993.jpg,0
/mnt/c/Users/eddyarias/Sovos/Sovos-Per-Emp/TIC/DataTIC/ISIC-images//ISIC_0064109.jpg,1
/mnt/c/Users/eddyarias/Sovos/Sovos-Per-Emp/TIC/DataTIC/ISIC-images//ISIC_0064241.jpg,1
/mnt/c/Users/eddyarias/Sovos/Sovos-Per-Emp/TIC/DataTIC/ISIC-images//ISIC_0062770.jpg,1
/mnt/c/Users/eddyarias/Sovos/Sovos-Per-Emp/TIC/DataTIC/ISIC-images//ISIC_0071000.jpg,1
/mnt/c/Users/eddyarias/Sovos/Sovos-Per-Emp/TIC/DataTIC/ISIC-images//ISIC_0072876.jpg,1
/mnt/c/Users/eddyarias/Sovos/Sovos-Per-Emp/TIC/DataTIC/ISIC-images//ISIC_0058614.jpg,0
/mnt/c/Users/eddyarias/Sovos/Sovos-Per-Emp/TIC/DataTIC/ISIC-images//ISIC_0053884.jpg,1
/mnt/c/Users/eddyarias/Sovos/Sovos-Per-Emp/TIC/DataTIC/ISIC-images//ISIC_0061148.jpg,1
/mnt/c/Users/eddyarias/Sovos/Sovos-Per-Emp/TIC/DataTIC/ISIC-images//ISIC_0058747.jpg,0
/mnt/c/Users/eddyarias/Sovos/Sovos-Per-Emp/TIC/DataTIC/ISIC-images//ISIC_0067871.jpg,0
/mnt/c/Users/eddyarias/Sovos/Sovos-Per-Emp/TIC/DataTIC/ISIC-images//ISIC_0055414.jpg,0
/mnt/c/Users/eddyarias/Sovos/Sovos-Per-Emp/TIC/DataTIC/ISIC-images//ISIC_0061105.jpg,1
/mnt/c/Users/eddyarias/Sovos/Sovos-Per-Emp/TIC/DataTIC/ISIC-images//ISIC_0067293.jpg,1
/mnt/c/Users/eddyarias/Sovos/Sovos-Per-Emp/TIC/DataTIC/ISIC-images//ISIC_0059511.jpg,1
/mnt/c/Users/eddyarias/Sovos/Sovos-Per-Emp/TIC/DataTIC/ISIC-images//ISIC_0073065.jpg,1
/mnt/c/Users/eddyarias/Sovos/Sovos-Per-Emp/TIC/DataTIC/ISIC-images//ISIC_0070682.jpg,1
/mnt/c/Users/eddyarias/Sovos/Sovos-Per-Emp/TIC/DataTIC/ISIC-images//ISIC_0070396.jpg,1
/mnt/c/Users/eddyarias/Sovos/Sovos-Per-Emp/TIC/DataTIC/ISIC-images//ISIC_0058196.jpg,1
/mnt/c/Users/eddyarias/Sovos/Sovos-Per-Emp/TIC/DataTIC/ISIC-images//ISIC_0065981.jpg,1
/mnt/c/Users/eddyarias/Sovos/Sovos-Per-Emp/TIC/DataTIC/ISIC-images//ISIC_0060568.jpg,1
/mnt/c/Users/eddyarias/Sovos/Sovos-Per-Emp/TIC/DataTIC/ISIC-images//ISIC_0071869.jpg,1
/mnt/c/Users/eddyarias/Sovos/Sovos-Per-Emp/TIC/DataTIC/ISIC-images//ISIC_0059863.jpg,0
/mnt/c/Users/eddyarias/Sovos/Sovos-Per-Emp/TIC/DataTIC/ISIC-images//ISIC_0056234.jpg,1
/mnt/c/Users/eddyarias/Sovos/Sovos-Per-Emp/TIC/DataTIC/ISIC-images//ISIC_0072083.jpg,0
/mnt/c/Users/eddyarias/Sovos/Sovos-Per-Emp/TIC/DataTIC/ISIC-images//ISIC_0070840.jpg,0
/mnt/c/Users/eddyarias/Sovos/Sovos-Per-Emp/TIC/DataTIC/ISIC-images//ISIC_0065314.jpg,1
/mnt/c/Users/eddyarias/Sovos/Sovos-Per-Emp/TIC/DataTIC/ISIC-images//ISIC_0072052.jpg,1
/mnt/c/Users/eddyarias/Sovos/Sovos-Per-Emp/TIC/DataTIC/ISIC-images//ISIC_0057021.jpg,0
/mnt/c/Users/eddyarias/Sovos/Sovos-Per-Emp/TIC/DataTIC/ISIC-images//ISIC_0058458.jpg,1
/mnt/c/Users/eddyarias/Sovos/Sovos-Per-Emp/TIC/DataTIC/ISIC-images//ISIC_0061304.jpg,0
/mnt/c/Users/eddyarias/Sovos/Sovos-Per-Emp/TIC/DataTIC/ISIC-images//ISIC_0063528.jpg,1
/mnt/c/Users/eddyarias/Sovos/Sovos-Per-Emp/TIC/DataTIC/ISIC-images//ISIC_0070181.jpg,0
/mnt/c/Users/eddyarias/Sovos/Sovos-Per-Emp/TIC/DataTIC/ISIC-images//ISIC_0061374.jpg,0
/mnt/c/Users/eddyarias/Sovos/Sovos-Per-Emp/TIC/DataTIC/ISIC-images//ISIC_0062306.jpg,0
/mnt/c/Users/eddyarias/Sovos/Sovos-Per-Emp/TIC/DataTIC/ISIC-images//ISIC_0062723.jpg,1
/mnt/c/Users/eddyarias/Sovos/Sovos-Per-Emp/TIC/DataTIC/ISIC-images//ISIC_0061564.jpg,0
/mnt/c/Users/eddyarias/Sovos/Sovos-Per-Emp/TIC/DataTIC/ISIC-images//ISIC_0057198.jpg,1
/mnt/c/Users/eddyarias/Sovos/Sovos-Per-Emp/TIC/DataTIC/ISIC-images//ISIC_0056255.jpg,1
/mnt/c/Users/eddyarias/Sovos/Sovos-Per-Emp/TIC/DataTIC/ISIC-images//ISIC_0058344.jpg,1
/mnt/c/Users/eddyarias/Sovos/Sovos-Per-Emp/TIC/DataTIC/ISIC-images//ISIC_0063714.jpg,1
/mnt/c/Users/eddyarias/Sovos/Sovos-Per-Emp/TIC/DataTIC/ISIC-images//ISIC_0055916.jpg,1
/mnt/c/Users/eddyarias/Sovos/Sovos-Per-Emp/TIC/DataTIC/ISIC-images//ISIC_0054443.jpg,1
/mnt/c/Users/eddyarias/Sovos/Sovos-Per-Emp/TIC/DataTIC/ISIC-images//ISIC_0062516.jpg,0
/mnt/c/Users/eddyarias/Sovos/Sovos-Per-Emp/TIC/DataTIC/ISIC-images//ISIC_0063678.jpg,0
/mnt/c/Users/eddyarias/Sovos/Sovos-Per-Emp/TIC/DataTIC/ISIC-images//ISIC_0069441.jpg,0
/mnt/c/Users/eddyarias/Sovos/Sovos-Per-Emp/TIC/DataTIC/ISIC-images//ISIC_0064909.jpg,1
/mnt/c/Users/eddyarias/Sovos/Sovos-Per-Emp/TIC/DataTIC/ISIC-images//ISIC_0063199.jpg,1
/mnt/c/Users/eddyarias/Sovos/Sovos-Per-Emp/TIC/DataTIC/ISIC-images//ISIC_0069856.jpg,1
/mnt/c/Users/eddyarias/Sovos/Sovos-Per-Emp/TIC/DataTIC/ISIC-images//ISIC_0058130.jpg,1
/mnt/c/Users/eddyarias/Sovos/Sovos-Per-Emp/TIC/DataTIC/ISIC-images//ISIC_0058064.jpg,1
/mnt/c/Users/eddyarias/Sovos/Sovos-Per-Emp/TIC/DataTIC/ISIC-images//ISIC_0064958.jpg,0
/mnt/c/Users/eddyarias/Sovos/Sovos-Per-Emp/TIC/DataTIC/ISIC-images//ISIC_0069335.jpg,1
/mnt/c/Users/eddyarias/Sovos/Sovos-Per-Emp/TIC/DataTIC/ISIC-images//ISIC_0061333.jpg,1
/mnt/c/Users/eddyarias/Sovos/Sovos-Per-Emp/TIC/DataTIC/ISIC-images//ISIC_0070646.jpg,0
/mnt/c/Users/eddyarias/Sovos/Sovos-Per-Emp/TIC/DataTIC/ISIC-images//ISIC_0061386.jpg,1
/mnt/c/Users/eddyarias/Sovos/Sovos-Per-Emp/TIC/DataTIC/ISIC-images//ISIC_0066222.jpg,0
/mnt/c/Users/eddyarias/Sovos/Sovos-Per-Emp/TIC/DataTIC/ISIC-images//ISIC_0065662.jpg,1
/mnt/c/Users/eddyarias/Sovos/Sovos-Per-Emp/TIC/DataTIC/ISIC-images//ISIC_0067664.jpg,0
/mnt/c/Users/eddyarias/Sovos/Sovos-Per-Emp/TIC/DataTIC/ISIC-images//ISIC_0070883.jpg,1
/mnt/c/Users/eddyarias/Sovos/Sovos-Per-Emp/TIC/DataTIC/ISIC-images//ISIC_0063933.jpg,1
/mnt/c/Users/eddyarias/Sovos/Sovos-Per-Emp/TIC/DataTIC/ISIC-images//ISIC_0059460.jpg,0
/mnt/c/Users/eddyarias/Sovos/Sovos-Per-Emp/TIC/DataTIC/ISIC-images//ISIC_0053763.jpg,1
/mnt/c/Users/eddyarias/Sovos/Sovos-Per-Emp/TIC/DataTIC/ISIC-images//ISIC_0068578.jpg,1
/mnt/c/Users/eddyarias/Sovos/Sovos-Per-Emp/TIC/DataTIC/ISIC-images//ISIC_0066530.jpg,0
/mnt/c/Users/eddyarias/Sovos/Sovos-Per-Emp/TIC/DataTIC/ISIC-images//ISIC_0065233.jpg,0
/mnt/c/Users/eddyarias/Sovos/Sovos-Per-Emp/TIC/DataTIC/ISIC-images//ISIC_0057909.jpg,1
/mnt/c/Users/eddyarias/Sovos/Sovos-Per-Emp/TIC/DataTIC/ISIC-images//ISIC_0062251.jpg,1
/mnt/c/Users/eddyarias/Sovos/Sovos-Per-Emp/TIC/DataTIC/ISIC-images//ISIC_0065564.jpg,1
/mnt/c/Users/eddyarias/Sovos/Sovos-Per-Emp/TIC/DataTIC/ISIC-images//ISIC_0063437.jpg,1
/mnt/c/Users/eddyarias/Sovos/Sovos-Per-Emp/TIC/DataTIC/ISIC-images//ISIC_0062091.jpg,0
/mnt/c/Users/eddyarias/Sovos/Sovos-Per-Emp/TIC/DataTIC/ISIC-images//ISIC_0057411.jpg,0
/mnt/c/Users/eddyarias/Sovos/Sovos-Per-Emp/TIC/DataTIC/ISIC-images//ISIC_0071596.jpg,1
/mnt/c/Users/eddyarias/Sovos/Sovos-Per-Emp/TIC/DataTIC/ISIC-images//ISIC_0054020.jpg,1
/mnt/c/Users/eddyarias/Sovos/Sovos-Per-Emp/TIC/DataTIC/ISIC-images//ISIC_0071270.jpg,0
/mnt/c/Users/eddyarias/Sovos/Sovos-Per-Emp/TIC/DataTIC/ISIC-images//ISIC_0063932.jpg,0
/mnt/c/Users/eddyarias/Sovos/Sovos-Per-Emp/TIC/DataTIC/ISIC-images//ISIC_0060455.jpg,0
/mnt/c/Users/eddyarias/Sovos/Sovos-Per-Emp/TIC/DataTIC/ISIC-images//ISIC_0054166.jpg,0
/mnt/c/Users/eddyarias/Sovos/Sovos-Per-Emp/TIC/DataTIC/ISIC-images//ISIC_0070983.jpg,1
/mnt/c/Users/eddyarias/Sovos/Sovos-Per-Emp/TIC/DataTIC/ISIC-images//ISIC_0058235.jpg,0
/mnt/c/Users/eddyarias/Sovos/Sovos-Per-Emp/TIC/DataTIC/ISIC-images//ISIC_0054399.jpg,1
/mnt/c/Users/eddyarias/Sovos/Sovos-Per-Emp/TIC/DataTIC/ISIC-images//ISIC_0057674.jpg,0
/mnt/c/Users/eddyarias/Sovos/Sovos-Per-Emp/TIC/DataTIC/ISIC-images//ISIC_0067015.jpg,0
/mnt/c/Users/eddyarias/Sovos/Sovos-Per-Emp/TIC/DataTIC/ISIC-images//ISIC_0059904.jpg,1
/mnt/c/Users/eddyarias/Sovos/Sovos-Per-Emp/TIC/DataTIC/ISIC-images//ISIC_0067897.jpg,1
/mnt/c/Users/eddyarias/Sovos/Sovos-Per-Emp/TIC/DataTIC/ISIC-images//ISIC_0059707.jpg,1
/mnt/c/Users/eddyarias/Sovos/Sovos-Per-Emp/TIC/DataTIC/ISIC-images//ISIC_0055973.jpg,0
/mnt/c/Users/eddyarias/Sovos/Sovos-Per-Emp/TIC/DataTIC/ISIC-images//ISIC_0055183.jpg,0
/mnt/c/Users/eddyarias/Sovos/Sovos-Per-Emp/TIC/DataTIC/ISIC-images//ISIC_0057996.jpg,1
/mnt/c/Users/eddyarias/Sovos/Sovos-Per-Emp/TIC/DataTIC/ISIC-images//ISIC_0063831.jpg,0
/mnt/c/Users/eddyarias/Sovos/Sovos-Per-Emp/TIC/DataTIC/ISIC-images//ISIC_0067006.jpg,1
/mnt/c/Users/eddyarias/Sovos/Sovos-Per-Emp/TIC/DataTIC/ISIC-images//ISIC_0058076.jpg,1
/mnt/c/Users/eddyarias/Sovos/Sovos-Per-Emp/TIC/DataTIC/ISIC-images//ISIC_0070053.jpg,1
/mnt/c/Users/eddyarias/Sovos/Sovos-Per-Emp/TIC/DataTIC/ISIC-images//ISIC_0060864.jpg,0
/mnt/c/Users/eddyarias/Sovos/Sovos-Per-Emp/TIC/DataTIC/ISIC-images//ISIC_0066263.jpg,1
/mnt/c/Users/eddyarias/Sovos/Sovos-Per-Emp/TIC/DataTIC/ISIC-images//ISIC_0067176.jpg,0
/mnt/c/Users/eddyarias/Sovos/Sovos-Per-Emp/TIC/DataTIC/ISIC-images//ISIC_0060623.jpg,1
/mnt/c/Users/eddyarias/Sovos/Sovos-Per-Emp/TIC/DataTIC/ISIC-images//ISIC_0070763.jpg,0
/mnt/c/Users/eddyarias/Sovos/Sovos-Per-Emp/TIC/DataTIC/ISIC-images//ISIC_0054632.jpg,0
/mnt/c/Users/eddyarias/Sovos/Sovos-Per-Emp/TIC/DataTIC/ISIC-images//ISIC_0054891.jpg,0
/mnt/c/Users/eddyarias/Sovos/Sovos-Per-Emp/TIC/DataTIC/ISIC-images//ISIC_0065277.jpg,0
/mnt/c/Users/eddyarias/Sovos/Sovos-Per-Emp/TIC/DataTIC/ISIC-images//ISIC_0069531.jpg,0
/mnt/c/Users/eddyarias/Sovos/Sovos-Per-Emp/TIC/DataTIC/ISIC-images//ISIC_0056950.jpg,1
/mnt/c/Users/eddyarias/Sovos/Sovos-Per-Emp/TIC/DataTIC/ISIC-images//ISIC_0059392.jpg,0
/mnt/c/Users/eddyarias/Sovos/Sovos-Per-Emp/TIC/DataTIC/ISIC-images//ISIC_0055100.jpg,0
/mnt/c/Users/eddyarias/Sovos/Sovos-Per-Emp/TIC/DataTIC/ISIC-images//ISIC_0066995.jpg,0
/mnt/c/Users/eddyarias/Sovos/Sovos-Per-Emp/TIC/DataTIC/ISIC-images//ISIC_0061616.jpg,0
/mnt/c/Users/eddyarias/Sovos/Sovos-Per-Emp/TIC/DataTIC/ISIC-images//ISIC_0072684.jpg,0
/mnt/c/Users/eddyarias/Sovos/Sovos-Per-Emp/TIC/DataTIC/ISIC-images//ISIC_0065860.jpg,1
/mnt/c/Users/eddyarias/Sovos/Sovos-Per-Emp/TIC/DataTIC/ISIC-images//ISIC_0062086.jpg,0
/mnt/c/Users/eddyarias/Sovos/Sovos-Per-Emp/TIC/DataTIC/ISIC-images//ISIC_0056380.jpg,0
/mnt/c/Users/eddyarias/Sovos/Sovos-Per-Emp/TIC/DataTIC/ISIC-images//ISIC_0062482.jpg,0
/mnt/c/Users/eddyarias/Sovos/Sovos-Per-Emp/TIC/DataTIC/ISIC-images//ISIC_0062417.jpg,0
/mnt/c/Users/eddyarias/Sovos/Sovos-Per-Emp/TIC/DataTIC/ISIC-images//ISIC_0059365.jpg,0
/mnt/c/Users/eddyarias/Sovos/Sovos-Per-Emp/TIC/DataTIC/ISIC-images//ISIC_0061015.jpg,0
/mnt/c/Users/eddyarias/Sovos/Sovos-Per-Emp/TIC/DataTIC/ISIC-images//ISIC_0064491.jpg,0
/mnt/c/Users/eddyarias/Sovos/Sovos-Per-Emp/TIC/DataTIC/ISIC-images//ISIC_0060645.jpg,1
/mnt/c/Users/eddyarias/Sovos/Sovos-Per-Emp/TIC/DataTIC/ISIC-images//ISIC_0071665.jpg,1
/mnt/c/Users/eddyarias/Sovos/Sovos-Per-Emp/TIC/DataTIC/ISIC-images//ISIC_0059203.jpg,1
/mnt/c/Users/eddyarias/Sovos/Sovos-Per-Emp/TIC/DataTIC/ISIC-images//ISIC_0061043.jpg,1
/mnt/c/Users/eddyarias/Sovos/Sovos-Per-Emp/TIC/DataTIC/ISIC-images//ISIC_0063451.jpg,1
/mnt/c/Users/eddyarias/Sovos/Sovos-Per-Emp/TIC/DataTIC/ISIC-images//ISIC_0056055.jpg,0
/mnt/c/Users/eddyarias/Sovos/Sovos-Per-Emp/TIC/DataTIC/ISIC-images//ISIC_0066632.jpg,0
/mnt/c/Users/eddyarias/Sovos/Sovos-Per-Emp/TIC/DataTIC/ISIC-images//ISIC_0055228.jpg,1
/mnt/c/Users/eddyarias/Sovos/Sovos-Per-Emp/TIC/DataTIC/ISIC-images//ISIC_0060104.jpg,1
/mnt/c/Users/eddyarias/Sovos/Sovos-Per-Emp/TIC/DataTIC/ISIC-images//ISIC_0065666.jpg,1
/mnt/c/Users/eddyarias/Sovos/Sovos-Per-Emp/TIC/DataTIC/ISIC-images//ISIC_0053758.jpg,0
/mnt/c/Users/eddyarias/Sovos/Sovos-Per-Emp/TIC/DataTIC/ISIC-images//ISIC_0069481.jpg,1
/mnt/c/Users/eddyarias/Sovos/Sovos-Per-Emp/TIC/DataTIC/ISIC-images//ISIC_0066622.jpg,1
/mnt/c/Users/eddyarias/Sovos/Sovos-Per-Emp/TIC/DataTIC/ISIC-images//ISIC_0065762.jpg,0
/mnt/c/Users/eddyarias/Sovos/Sovos-Per-Emp/TIC/DataTIC/ISIC-images//ISIC_0059100.jpg,1
/mnt/c/Users/eddyarias/Sovos/Sovos-Per-Emp/TIC/DataTIC/ISIC-images//ISIC_0064685.jpg,1
/mnt/c/Users/eddyarias/Sovos/Sovos-Per-Emp/TIC/DataTIC/ISIC-images//ISIC_0061971.jpg,1
/mnt/c/Users/eddyarias/Sovos/Sovos-Per-Emp/TIC/DataTIC/ISIC-images//ISIC_0057726.jpg,0
/mnt/c/Users/eddyarias/Sovos/Sovos-Per-Emp/TIC/DataTIC/ISIC-images//ISIC_0068661.jpg,0
/mnt/c/Users/eddyarias/Sovos/Sovos-Per-Emp/TIC/DataTIC/ISIC-images//ISIC_0062283.jpg,0
/mnt/c/Users/eddyarias/Sovos/Sovos-Per-Emp/TIC/DataTIC/ISIC-images//ISIC_0071166.jpg,0
/mnt/c/Users/eddyarias/Sovos/Sovos-Per-Emp/TIC/DataTIC/ISIC-images//ISIC_0069595.jpg,1
/mnt/c/Users/eddyarias/Sovos/Sovos-Per-Emp/TIC/DataTIC/ISIC-images//ISIC_0056418.jpg,0
/mnt/c/Users/eddyarias/Sovos/Sovos-Per-Emp/TIC/DataTIC/ISIC-images//ISIC_0061022.jpg,1
/mnt/c/Users/eddyarias/Sovos/Sovos-Per-Emp/TIC/DataTIC/ISIC-images//ISIC_0058142.jpg,1
/mnt/c/Users/eddyarias/Sovos/Sovos-Per-Emp/TIC/DataTIC/ISIC-images//ISIC_0057055.jpg,0
/mnt/c/Users/eddyarias/Sovos/Sovos-Per-Emp/TIC/DataTIC/ISIC-images//ISIC_0059764.jpg,1
/mnt/c/Users/eddyarias/Sovos/Sovos-Per-Emp/TIC/DataTIC/ISIC-images//ISIC_0059569.jpg,1
/mnt/c/Users/eddyarias/Sovos/Sovos-Per-Emp/TIC/DataTIC/ISIC-images//ISIC_0069366.jpg,0
/mnt/c/Users/eddyarias/Sovos/Sovos-Per-Emp/TIC/DataTIC/ISIC-images//ISIC_0053453.jpg,0
/mnt/c/Users/eddyarias/Sovos/Sovos-Per-Emp/TIC/DataTIC/ISIC-images//ISIC_0055536.jpg,0
/mnt/c/Users/eddyarias/Sovos/Sovos-Per-Emp/TIC/DataTIC/ISIC-images//ISIC_0062023.jpg,1
/mnt/c/Users/eddyarias/Sovos/Sovos-Per-Emp/TIC/DataTIC/ISIC-images//ISIC_0063244.jpg,0
/mnt/c/Users/eddyarias/Sovos/Sovos-Per-Emp/TIC/DataTIC/ISIC-images//ISIC_0069836.jpg,1
/mnt/c/Users/eddyarias/Sovos/Sovos-Per-Emp/TIC/DataTIC/ISIC-images//ISIC_0065540.jpg,1
/mnt/c/Users/eddyarias/Sovos/Sovos-Per-Emp/TIC/DataTIC/ISIC-images//ISIC_0066838.jpg,0
/mnt/c/Users/eddyarias/Sovos/Sovos-Per-Emp/TIC/DataTIC/ISIC-images//ISIC_0066384.jpg,1
/mnt/c/Users/eddyarias/Sovos/Sovos-Per-Emp/TIC/DataTIC/ISIC-images//ISIC_0053784.jpg,1
/mnt/c/Users/eddyarias/Sovos/Sovos-Per-Emp/TIC/DataTIC/ISIC-images//ISIC_0054602.jpg,1
/mnt/c/Users/eddyarias/Sovos/Sovos-Per-Emp/TIC/DataTIC/ISIC-images//ISIC_0072955.jpg,1
/mnt/c/Users/eddyarias/Sovos/Sovos-Per-Emp/TIC/DataTIC/ISIC-images//ISIC_0072345.jpg,1
/mnt/c/Users/eddyarias/Sovos/Sovos-Per-Emp/TIC/DataTIC/ISIC-images//ISIC_0062990.jpg,0
/mnt/c/Users/eddyarias/Sovos/Sovos-Per-Emp/TIC/DataTIC/ISIC-images//ISIC_0055875.jpg,1
/mnt/c/Users/eddyarias/Sovos/Sovos-Per-Emp/TIC/DataTIC/ISIC-images//ISIC_0062029.jpg,1
/mnt/c/Users/eddyarias/Sovos/Sovos-Per-Emp/TIC/DataTIC/ISIC-images//ISIC_0072135.jpg,1
/mnt/c/Users/eddyarias/Sovos/Sovos-Per-Emp/TIC/DataTIC/ISIC-images//ISIC_0054475.jpg,0
/mnt/c/Users/eddyarias/Sovos/Sovos-Per-Emp/TIC/DataTIC/ISIC-images//ISIC_0059525.jpg,1
/mnt/c/Users/eddyarias/Sovos/Sovos-Per-Emp/TIC/DataTIC/ISIC-images//ISIC_0057937.jpg,1
/mnt/c/Users/eddyarias/Sovos/Sovos-Per-Emp/TIC/DataTIC/ISIC-images//ISIC_0072457.jpg,1
/mnt/c/Users/eddyarias/Sovos/Sovos-Per-Emp/TIC/DataTIC/ISIC-images//ISIC_0066401.jpg,1
/mnt/c/Users/eddyarias/Sovos/Sovos-Per-Emp/TIC/DataTIC/ISIC-images//ISIC_0072259.jpg,0
/mnt/c/Users/eddyarias/Sovos/Sovos-Per-Emp/TIC/DataTIC/ISIC-images//ISIC_0058335.jpg,1
/mnt/c/Users/eddyarias/Sovos/Sovos-Per-Emp/TIC/DataTIC/ISIC-images//ISIC_0056107.jpg,0
/mnt/c/Users/eddyarias/Sovos/Sovos-Per-Emp/TIC/DataTIC/ISIC-images//ISIC_0068010.jpg,0
/mnt/c/Users/eddyarias/Sovos/Sovos-Per-Emp/TIC/DataTIC/ISIC-images//ISIC_0067228.jpg,1
/mnt/c/Users/eddyarias/Sovos/Sovos-Per-Emp/TIC/DataTIC/ISIC-images//ISIC_0057160.jpg,0
/mnt/c/Users/eddyarias/Sovos/Sovos-Per-Emp/TIC/DataTIC/ISIC-images//ISIC_0055449.jpg,1
/mnt/c/Users/eddyarias/Sovos/Sovos-Per-Emp/TIC/DataTIC/ISIC-images//ISIC_0066831.jpg,0
/mnt/c/Users/eddyarias/Sovos/Sovos-Per-Emp/TIC/DataTIC/ISIC-images//ISIC_0054520.jpg,1
/mnt/c/Users/eddyarias/Sovos/Sovos-Per-Emp/TIC/DataTIC/ISIC-images//ISIC_0055015.jpg,1
/mnt/c/Users/eddyarias/Sovos/Sovos-Per-Emp/TIC/DataTIC/ISIC-images//ISIC_0061764.jpg,0
/mnt/c/Users/eddyarias/Sovos/Sovos-Per-Emp/TIC/DataTIC/ISIC-images//ISIC_0070032.jpg,1
/mnt/c/Users/eddyarias/Sovos/Sovos-Per-Emp/TIC/DataTIC/ISIC-images//ISIC_0072904.jpg,0
/mnt/c/Users/eddyarias/Sovos/Sovos-Per-Emp/TIC/DataTIC/ISIC-images//ISIC_0059879.jpg,1
/mnt/c/Users/eddyarias/Sovos/Sovos-Per-Emp/TIC/DataTIC/ISIC-images//ISIC_0059736.jpg,1
/mnt/c/Users/eddyarias/Sovos/Sovos-Per-Emp/TIC/DataTIC/ISIC-images//ISIC_0055841.jpg,1
/mnt/c/Users/eddyarias/Sovos/Sovos-Per-Emp/TIC/DataTIC/ISIC-images//ISIC_0061084.jpg,1
/mnt/c/Users/eddyarias/Sovos/Sovos-Per-Emp/TIC/DataTIC/ISIC-images//ISIC_0070157.jpg,1
/mnt/c/Users/eddyarias/Sovos/Sovos-Per-Emp/TIC/DataTIC/ISIC-images//ISIC_0070183.jpg,1
/mnt/c/Users/eddyarias/Sovos/Sovos-Per-Emp/TIC/DataTIC/ISIC-images//ISIC_0059091.jpg,1
/mnt/c/Users/eddyarias/Sovos/Sovos-Per-Emp/TIC/DataTIC/ISIC-images//ISIC_0065053.jpg,0
/mnt/c/Users/eddyarias/Sovos/Sovos-Per-Emp/TIC/DataTIC/ISIC-images//ISIC_0067118.jpg,0
/mnt/c/Users/eddyarias/Sovos/Sovos-Per-Emp/TIC/DataTIC/ISIC-images//ISIC_0053508.jpg,1
/mnt/c/Users/eddyarias/Sovos/Sovos-Per-Emp/TIC/DataTIC/ISIC-images//ISIC_0068030.jpg,1
/mnt/c/Users/eddyarias/Sovos/Sovos-Per-Emp/TIC/DataTIC/ISIC-images//ISIC_0069128.jpg,0
/mnt/c/Users/eddyarias/Sovos/Sovos-Per-Emp/TIC/DataTIC/ISIC-images//ISIC_0062157.jpg,1
/mnt/c/Users/eddyarias/Sovos/Sovos-Per-Emp/TIC/DataTIC/ISIC-images//ISIC_0067501.jpg,0
/mnt/c/Users/eddyarias/Sovos/Sovos-Per-Emp/TIC/DataTIC/ISIC-images//ISIC_0069425.jpg,0
/mnt/c/Users/eddyarias/Sovos/Sovos-Per-Emp/TIC/DataTIC/ISIC-images//ISIC_0057828.jpg,1
/mnt/c/Users/eddyarias/Sovos/Sovos-Per-Emp/TIC/DataTIC/ISIC-images//ISIC_0070051.jpg,1
/mnt/c/Users/eddyarias/Sovos/Sovos-Per-Emp/TIC/DataTIC/ISIC-images//ISIC_0059291.jpg,1
/mnt/c/Users/eddyarias/Sovos/Sovos-Per-Emp/TIC/DataTIC/ISIC-images//ISIC_0066697.jpg,1
/mnt/c/Users/eddyarias/Sovos/Sovos-Per-Emp/TIC/DataTIC/ISIC-images//ISIC_0061297.jpg,1
/mnt/c/Users/eddyarias/Sovos/Sovos-Per-Emp/TIC/DataTIC/ISIC-images//ISIC_0067346.jpg,1
/mnt/c/Users/eddyarias/Sovos/Sovos-Per-Emp/TIC/DataTIC/ISIC-images//ISIC_0063677.jpg,1
/mnt/c/Users/eddyarias/Sovos/Sovos-Per-Emp/TIC/DataTIC/ISIC-images//ISIC_0064938.jpg,1
/mnt/c/Users/eddyarias/Sovos/Sovos-Per-Emp/TIC/DataTIC/ISIC-images//ISIC_0071328.jpg,0
/mnt/c/Users/eddyarias/Sovos/Sovos-Per-Emp/TIC/DataTIC/ISIC-images//ISIC_0056472.jpg,0
/mnt/c/Users/eddyarias/Sovos/Sovos-Per-Emp/TIC/DataTIC/ISIC-images//ISIC_0060458.jpg,0
/mnt/c/Users/eddyarias/Sovos/Sovos-Per-Emp/TIC/DataTIC/ISIC-images//ISIC_0064860.jpg,1
/mnt/c/Users/eddyarias/Sovos/Sovos-Per-Emp/TIC/DataTIC/ISIC-images//ISIC_0062265.jpg,0
/mnt/c/Users/eddyarias/Sovos/Sovos-Per-Emp/TIC/DataTIC/ISIC-images//ISIC_0065859.jpg,0
/mnt/c/Users/eddyarias/Sovos/Sovos-Per-Emp/TIC/DataTIC/ISIC-images//ISIC_0072942.jpg,1
/mnt/c/Users/eddyarias/Sovos/Sovos-Per-Emp/TIC/DataTIC/ISIC-images//ISIC_0063605.jpg,0
/mnt/c/Users/eddyarias/Sovos/Sovos-Per-Emp/TIC/DataTIC/ISIC-images//ISIC_0057358.jpg,0
/mnt/c/Users/eddyarias/Sovos/Sovos-Per-Emp/TIC/DataTIC/ISIC-images//ISIC_0063111.jpg,1
/mnt/c/Users/eddyarias/Sovos/Sovos-Per-Emp/TIC/DataTIC/ISIC-images//ISIC_0064170.jpg,0
/mnt/c/Users/eddyarias/Sovos/Sovos-Per-Emp/TIC/DataTIC/ISIC-images//ISIC_0065081.jpg,0
/mnt/c/Users/eddyarias/Sovos/Sovos-Per-Emp/TIC/DataTIC/ISIC-images//ISIC_0072910.jpg,0
/mnt/c/Users/eddyarias/Sovos/Sovos-Per-Emp/TIC/DataTIC/ISIC-images//ISIC_0068990.jpg,1
/mnt/c/Users/eddyarias/Sovos/Sovos-Per-Emp/TIC/DataTIC/ISIC-images//ISIC_0065180.jpg,1
/mnt/c/Users/eddyarias/Sovos/Sovos-Per-Emp/TIC/DataTIC/ISIC-images//ISIC_0056932.jpg,0
/mnt/c/Users/eddyarias/Sovos/Sovos-Per-Emp/TIC/DataTIC/ISIC-images//ISIC_0062540.jpg,0
/mnt/c/Users/eddyarias/Sovos/Sovos-Per-Emp/TIC/DataTIC/ISIC-images//ISIC_0062165.jpg,0
/mnt/c/Users/eddyarias/Sovos/Sovos-Per-Emp/TIC/DataTIC/ISIC-images//ISIC_0060271.jpg,0
/mnt/c/Users/eddyarias/Sovos/Sovos-Per-Emp/TIC/DataTIC/ISIC-images//ISIC_0058284.jpg,1
/mnt/c/Users/eddyarias/Sovos/Sovos-Per-Emp/TIC/DataTIC/ISIC-images//ISIC_0070794.jpg,1
/mnt/c/Users/eddyarias/Sovos/Sovos-Per-Emp/TIC/DataTIC/ISIC-images//ISIC_0068601.jpg,0
/mnt/c/Users/eddyarias/Sovos/Sovos-Per-Emp/TIC/DataTIC/ISIC-images//ISIC_0064957.jpg,1
/mnt/c/Users/eddyarias/Sovos/Sovos-Per-Emp/TIC/DataTIC/ISIC-images//ISIC_0054653.jpg,1
/mnt/c/Users/eddyarias/Sovos/Sovos-Per-Emp/TIC/DataTIC/ISIC-images//ISIC_0060824.jpg,0
/mnt/c/Users/eddyarias/Sovos/Sovos-Per-Emp/TIC/DataTIC/ISIC-images//ISIC_0063143.jpg,1
/mnt/c/Users/eddyarias/Sovos/Sovos-Per-Emp/TIC/DataTIC/ISIC-images//ISIC_0070393.jpg,0
/mnt/c/Users/eddyarias/Sovos/Sovos-Per-Emp/TIC/DataTIC/ISIC-images//ISIC_0055269.jpg,0
/mnt/c/Users/eddyarias/Sovos/Sovos-Per-Emp/TIC/DataTIC/ISIC-images//ISIC_0071386.jpg,0
/mnt/c/Users/eddyarias/Sovos/Sovos-Per-Emp/TIC/DataTIC/ISIC-images//ISIC_0064050.jpg,0
/mnt/c/Users/eddyarias/Sovos/Sovos-Per-Emp/TIC/DataTIC/ISIC-images//ISIC_0068680.jpg,1
/mnt/c/Users/eddyarias/Sovos/Sovos-Per-Emp/TIC/DataTIC/ISIC-images//ISIC_0064277.jpg,0
/mnt/c/Users/eddyarias/Sovos/Sovos-Per-Emp/TIC/DataTIC/ISIC-images//ISIC_0072851.jpg,1
/mnt/c/Users/eddyarias/Sovos/Sovos-Per-Emp/TIC/DataTIC/ISIC-images//ISIC_0058089.jpg,0
/mnt/c/Users/eddyarias/Sovos/Sovos-Per-Emp/TIC/DataTIC/ISIC-images//ISIC_0067099.jpg,1
/mnt/c/Users/eddyarias/Sovos/Sovos-Per-Emp/TIC/DataTIC/ISIC-images//ISIC_0071812.jpg,1
/mnt/c/Users/eddyarias/Sovos/Sovos-Per-Emp/TIC/DataTIC/ISIC-images//ISIC_0057452.jpg,0
/mnt/c/Users/eddyarias/Sovos/Sovos-Per-Emp/TIC/DataTIC/ISIC-images//ISIC_0071322.jpg,1
/mnt/c/Users/eddyarias/Sovos/Sovos-Per-Emp/TIC/DataTIC/ISIC-images//ISIC_0067167.jpg,1
/mnt/c/Users/eddyarias/Sovos/Sovos-Per-Emp/TIC/DataTIC/ISIC-images//ISIC_0059363.jpg,0
/mnt/c/Users/eddyarias/Sovos/Sovos-Per-Emp/TIC/DataTIC/ISIC-images//ISIC_0054126.jpg,0
/mnt/c/Users/eddyarias/Sovos/Sovos-Per-Emp/TIC/DataTIC/ISIC-images//ISIC_0066155.jpg,1
/mnt/c/Users/eddyarias/Sovos/Sovos-Per-Emp/TIC/DataTIC/ISIC-images//ISIC_0072512.jpg,0
/mnt/c/Users/eddyarias/Sovos/Sovos-Per-Emp/TIC/DataTIC/ISIC-images//ISIC_0067656.jpg,0
/mnt/c/Users/eddyarias/Sovos/Sovos-Per-Emp/TIC/DataTIC/ISIC-images//ISIC_0072427.jpg,1
/mnt/c/Users/eddyarias/Sovos/Sovos-Per-Emp/TIC/DataTIC/ISIC-images//ISIC_0058757.jpg,1
/mnt/c/Users/eddyarias/Sovos/Sovos-Per-Emp/TIC/DataTIC/ISIC-images//ISIC_0056168.jpg,0
/mnt/c/Users/eddyarias/Sovos/Sovos-Per-Emp/TIC/DataTIC/ISIC-images//ISIC_0069117.jpg,0
/mnt/c/Users/eddyarias/Sovos/Sovos-Per-Emp/TIC/DataTIC/ISIC-images//ISIC_0056818.jpg,0
/mnt/c/Users/eddyarias/Sovos/Sovos-Per-Emp/TIC/DataTIC/ISIC-images//ISIC_0058084.jpg,1
/mnt/c/Users/eddyarias/Sovos/Sovos-Per-Emp/TIC/DataTIC/ISIC-images//ISIC_0064644.jpg,1
/mnt/c/Users/eddyarias/Sovos/Sovos-Per-Emp/TIC/DataTIC/ISIC-images//ISIC_0063241.jpg,1
/mnt/c/Users/eddyarias/Sovos/Sovos-Per-Emp/TIC/DataTIC/ISIC-images//ISIC_0066228.jpg,0
/mnt/c/Users/eddyarias/Sovos/Sovos-Per-Emp/TIC/DataTIC/ISIC-images//ISIC_0057557.jpg,1
/mnt/c/Users/eddyarias/Sovos/Sovos-Per-Emp/TIC/DataTIC/ISIC-images//ISIC_0068384.jpg,1
/mnt/c/Users/eddyarias/Sovos/Sovos-Per-Emp/TIC/DataTIC/ISIC-images//ISIC_0056787.jpg,1
/mnt/c/Users/eddyarias/Sovos/Sovos-Per-Emp/TIC/DataTIC/ISIC-images//ISIC_0061923.jpg,1
/mnt/c/Users/eddyarias/Sovos/Sovos-Per-Emp/TIC/DataTIC/ISIC-images//ISIC_0071481.jpg,0
/mnt/c/Users/eddyarias/Sovos/Sovos-Per-Emp/TIC/DataTIC/ISIC-images//ISIC_0057707.jpg,1
/mnt/c/Users/eddyarias/Sovos/Sovos-Per-Emp/TIC/DataTIC/ISIC-images//ISIC_0054669.jpg,0
/mnt/c/Users/eddyarias/Sovos/Sovos-Per-Emp/TIC/DataTIC/ISIC-images//ISIC_0056700.jpg,0
/mnt/c/Users/eddyarias/Sovos/Sovos-Per-Emp/TIC/DataTIC/ISIC-images//ISIC_0064317.jpg,1
/mnt/c/Users/eddyarias/Sovos/Sovos-Per-Emp/TIC/DataTIC/ISIC-images//ISIC_0071225.jpg,0
/mnt/c/Users/eddyarias/Sovos/Sovos-Per-Emp/TIC/DataTIC/ISIC-images//ISIC_0060051.jpg,1
/mnt/c/Users/eddyarias/Sovos/Sovos-Per-Emp/TIC/DataTIC/ISIC-images//ISIC_0061004.jpg,1
/mnt/c/Users/eddyarias/Sovos/Sovos-Per-Emp/TIC/DataTIC/ISIC-images//ISIC_0058504.jpg,1
/mnt/c/Users/eddyarias/Sovos/Sovos-Per-Emp/TIC/DataTIC/ISIC-images//ISIC_0071164.jpg,1
/mnt/c/Users/eddyarias/Sovos/Sovos-Per-Emp/TIC/DataTIC/ISIC-images//ISIC_0065270.jpg,0
/mnt/c/Users/eddyarias/Sovos/Sovos-Per-Emp/TIC/DataTIC/ISIC-images//ISIC_0060640.jpg,1
/mnt/c/Users/eddyarias/Sovos/Sovos-Per-Emp/TIC/DataTIC/ISIC-images//ISIC_0062362.jpg,1
/mnt/c/Users/eddyarias/Sovos/Sovos-Per-Emp/TIC/DataTIC/ISIC-images//ISIC_0063546.jpg,1
/mnt/c/Users/eddyarias/Sovos/Sovos-Per-Emp/TIC/DataTIC/ISIC-images//ISIC_0057644.jpg,1
/mnt/c/Users/eddyarias/Sovos/Sovos-Per-Emp/TIC/DataTIC/ISIC-images//ISIC_0068508.jpg,0
/mnt/c/Users/eddyarias/Sovos/Sovos-Per-Emp/TIC/DataTIC/ISIC-images//ISIC_0070259.jpg,0
/mnt/c/Users/eddyarias/Sovos/Sovos-Per-Emp/TIC/DataTIC/ISIC-images//ISIC_0071104.jpg,0
/mnt/c/Users/eddyarias/Sovos/Sovos-Per-Emp/TIC/DataTIC/ISIC-images//ISIC_0068741.jpg,0
/mnt/c/Users/eddyarias/Sovos/Sovos-Per-Emp/TIC/DataTIC/ISIC-images//ISIC_0063093.jpg,1
/mnt/c/Users/eddyarias/Sovos/Sovos-Per-Emp/TIC/DataTIC/ISIC-images//ISIC_0063070.jpg,1
/mnt/c/Users/eddyarias/Sovos/Sovos-Per-Emp/TIC/DataTIC/ISIC-images//ISIC_0058751.jpg,1
/mnt/c/Users/eddyarias/Sovos/Sovos-Per-Emp/TIC/DataTIC/ISIC-images//ISIC_0066054.jpg,1
/mnt/c/Users/eddyarias/Sovos/Sovos-Per-Emp/TIC/DataTIC/ISIC-images//ISIC_0059117.jpg,0
/mnt/c/Users/eddyarias/Sovos/Sovos-Per-Emp/TIC/DataTIC/ISIC-images//ISIC_0065598.jpg,1
/mnt/c/Users/eddyarias/Sovos/Sovos-Per-Emp/TIC/DataTIC/ISIC-images//ISIC_0072291.jpg,0
/mnt/c/Users/eddyarias/Sovos/Sovos-Per-Emp/TIC/DataTIC/ISIC-images//ISIC_0060011.jpg,1
/mnt/c/Users/eddyarias/Sovos/Sovos-Per-Emp/TIC/DataTIC/ISIC-images//ISIC_0062301.jpg,1
/mnt/c/Users/eddyarias/Sovos/Sovos-Per-Emp/TIC/DataTIC/ISIC-images//ISIC_0054173.jpg,0
/mnt/c/Users/eddyarias/Sovos/Sovos-Per-Emp/TIC/DataTIC/ISIC-images//ISIC_0053895.jpg,0
/mnt/c/Users/eddyarias/Sovos/Sovos-Per-Emp/TIC/DataTIC/ISIC-images//ISIC_0060376.jpg,1
/mnt/c/Users/eddyarias/Sovos/Sovos-Per-Emp/TIC/DataTIC/ISIC-images//ISIC_0069734.jpg,1
/mnt/c/Users/eddyarias/Sovos/Sovos-Per-Emp/TIC/DataTIC/ISIC-images//ISIC_0066809.jpg,1
/mnt/c/Users/eddyarias/Sovos/Sovos-Per-Emp/TIC/DataTIC/ISIC-images//ISIC_0059825.jpg,0
/mnt/c/Users/eddyarias/Sovos/Sovos-Per-Emp/TIC/DataTIC/ISIC-images//ISIC_0062573.jpg,0
/mnt/c/Users/eddyarias/Sovos/Sovos-Per-Emp/TIC/DataTIC/ISIC-images//ISIC_0063825.jpg,1
/mnt/c/Users/eddyarias/Sovos/Sovos-Per-Emp/TIC/DataTIC/ISIC-images//ISIC_0056732.jpg,0
/mnt/c/Users/eddyarias/Sovos/Sovos-Per-Emp/TIC/DataTIC/ISIC-images//ISIC_0072204.jpg,1
/mnt/c/Users/eddyarias/Sovos/Sovos-Per-Emp/TIC/DataTIC/ISIC-images//ISIC_0062783.jpg,0
/mnt/c/Users/eddyarias/Sovos/Sovos-Per-Emp/TIC/DataTIC/ISIC-images//ISIC_0071374.jpg,0
/mnt/c/Users/eddyarias/Sovos/Sovos-Per-Emp/TIC/DataTIC/ISIC-images//ISIC_0057733.jpg,0
/mnt/c/Users/eddyarias/Sovos/Sovos-Per-Emp/TIC/DataTIC/ISIC-images//ISIC_0066046.jpg,0
/mnt/c/Users/eddyarias/Sovos/Sovos-Per-Emp/TIC/DataTIC/ISIC-images//ISIC_0056599.jpg,0
/mnt/c/Users/eddyarias/Sovos/Sovos-Per-Emp/TIC/DataTIC/ISIC-images//ISIC_0072802.jpg,0
/mnt/c/Users/eddyarias/Sovos/Sovos-Per-Emp/TIC/DataTIC/ISIC-images//ISIC_0072343.jpg,0
/mnt/c/Users/eddyarias/Sovos/Sovos-Per-Emp/TIC/DataTIC/ISIC-images//ISIC_0066329.jpg,1
/mnt/c/Users/eddyarias/Sovos/Sovos-Per-Emp/TIC/DataTIC/ISIC-images//ISIC_0072227.jpg,1
/mnt/c/Users/eddyarias/Sovos/Sovos-Per-Emp/TIC/DataTIC/ISIC-images//ISIC_0064827.jpg,0
/mnt/c/Users/eddyarias/Sovos/Sovos-Per-Emp/TIC/DataTIC/ISIC-images//ISIC_0072054.jpg,0
/mnt/c/Users/eddyarias/Sovos/Sovos-Per-Emp/TIC/DataTIC/ISIC-images//ISIC_0069684.jpg,0
/mnt/c/Users/eddyarias/Sovos/Sovos-Per-Emp/TIC/DataTIC/ISIC-images//ISIC_0062418.jpg,0
/mnt/c/Users/eddyarias/Sovos/Sovos-Per-Emp/TIC/DataTIC/ISIC-images//ISIC_0072056.jpg,0
/mnt/c/Users/eddyarias/Sovos/Sovos-Per-Emp/TIC/DataTIC/ISIC-images//ISIC_0067447.jpg,0
/mnt/c/Users/eddyarias/Sovos/Sovos-Per-Emp/TIC/DataTIC/ISIC-images//ISIC_0063657.jpg,0
/mnt/c/Users/eddyarias/Sovos/Sovos-Per-Emp/TIC/DataTIC/ISIC-images//ISIC_0054319.jpg,1
/mnt/c/Users/eddyarias/Sovos/Sovos-Per-Emp/TIC/DataTIC/ISIC-images//ISIC_0053477.jpg,0
/mnt/c/Users/eddyarias/Sovos/Sovos-Per-Emp/TIC/DataTIC/ISIC-images//ISIC_0072775.jpg,0
/mnt/c/Users/eddyarias/Sovos/Sovos-Per-Emp/TIC/DataTIC/ISIC-images//ISIC_0061803.jpg,0
/mnt/c/Users/eddyarias/Sovos/Sovos-Per-Emp/TIC/DataTIC/ISIC-images//ISIC_0068703.jpg,0
/mnt/c/Users/eddyarias/Sovos/Sovos-Per-Emp/TIC/DataTIC/ISIC-images//ISIC_0060748.jpg,1
/mnt/c/Users/eddyarias/Sovos/Sovos-Per-Emp/TIC/DataTIC/ISIC-images//ISIC_0066719.jpg,0
/mnt/c/Users/eddyarias/Sovos/Sovos-Per-Emp/TIC/DataTIC/ISIC-images//ISIC_0072632.jpg,0
/mnt/c/Users/eddyarias/Sovos/Sovos-Per-Emp/TIC/DataTIC/ISIC-images//ISIC_0071735.jpg,0
/mnt/c/Users/eddyarias/Sovos/Sovos-Per-Emp/TIC/DataTIC/ISIC-images//ISIC_0062218.jpg,1
/mnt/c/Users/eddyarias/Sovos/Sovos-Per-Emp/TIC/DataTIC/ISIC-images//ISIC_0059520.jpg,1
/mnt/c/Users/eddyarias/Sovos/Sovos-Per-Emp/TIC/DataTIC/ISIC-images//ISIC_0071840.jpg,0
/mnt/c/Users/eddyarias/Sovos/Sovos-Per-Emp/TIC/DataTIC/ISIC-images//ISIC_0055411.jpg,0
/mnt/c/Users/eddyarias/Sovos/Sovos-Per-Emp/TIC/DataTIC/ISIC-images//ISIC_0072865.jpg,1
/mnt/c/Users/eddyarias/Sovos/Sovos-Per-Emp/TIC/DataTIC/ISIC-images//ISIC_0054732.jpg,0
/mnt/c/Users/eddyarias/Sovos/Sovos-Per-Emp/TIC/DataTIC/ISIC-images//ISIC_0062904.jpg,1
/mnt/c/Users/eddyarias/Sovos/Sovos-Per-Emp/TIC/DataTIC/ISIC-images//ISIC_0064688.jpg,0
/mnt/c/Users/eddyarias/Sovos/Sovos-Per-Emp/TIC/DataTIC/ISIC-images//ISIC_0070103.jpg,0
/mnt/c/Users/eddyarias/Sovos/Sovos-Per-Emp/TIC/DataTIC/ISIC-images//ISIC_0054547.jpg,0
/mnt/c/Users/eddyarias/Sovos/Sovos-Per-Emp/TIC/DataTIC/ISIC-images//ISIC_0068908.jpg,1
/mnt/c/Users/eddyarias/Sovos/Sovos-Per-Emp/TIC/DataTIC/ISIC-images//ISIC_0061230.jpg,0
/mnt/c/Users/eddyarias/Sovos/Sovos-Per-Emp/TIC/DataTIC/ISIC-images//ISIC_0053945.jpg,1
/mnt/c/Users/eddyarias/Sovos/Sovos-Per-Emp/TIC/DataTIC/ISIC-images//ISIC_0060351.jpg,0
/mnt/c/Users/eddyarias/Sovos/Sovos-Per-Emp/TIC/DataTIC/ISIC-images//ISIC_0068704.jpg,0
/mnt/c/Users/eddyarias/Sovos/Sovos-Per-Emp/TIC/DataTIC/ISIC-images//ISIC_0070555.jpg,0
/mnt/c/Users/eddyarias/Sovos/Sovos-Per-Emp/TIC/DataTIC/ISIC-images//ISIC_0060247.jpg,0
/mnt/c/Users/eddyarias/Sovos/Sovos-Per-Emp/TIC/DataTIC/ISIC-images//ISIC_0072984.jpg,1
/mnt/c/Users/eddyarias/Sovos/Sovos-Per-Emp/TIC/DataTIC/ISIC-images//ISIC_0062570.jpg,0
/mnt/c/Users/eddyarias/Sovos/Sovos-Per-Emp/TIC/DataTIC/ISIC-images//ISIC_0068081.jpg,0
/mnt/c/Users/eddyarias/Sovos/Sovos-Per-Emp/TIC/DataTIC/ISIC-images//ISIC_0072538.jpg,1
/mnt/c/Users/eddyarias/Sovos/Sovos-Per-Emp/TIC/DataTIC/ISIC-images//ISIC_0067448.jpg,0
/mnt/c/Users/eddyarias/Sovos/Sovos-Per-Emp/TIC/DataTIC/ISIC-images//ISIC_0070317.jpg,0
/mnt/c/Users/eddyarias/Sovos/Sovos-Per-Emp/TIC/DataTIC/ISIC-images//ISIC_0067373.jpg,0
/mnt/c/Users/eddyarias/Sovos/Sovos-Per-Emp/TIC/DataTIC/ISIC-images//ISIC_0057043.jpg,1
/mnt/c/Users/eddyarias/Sovos/Sovos-Per-Emp/TIC/DataTIC/ISIC-images//ISIC_0053663.jpg,0
/mnt/c/Users/eddyarias/Sovos/Sovos-Per-Emp/TIC/DataTIC/ISIC-images//ISIC_0073181.jpg,0
/mnt/c/Users/eddyarias/Sovos/Sovos-Per-Emp/TIC/DataTIC/ISIC-images//ISIC_0066261.jpg,0
/mnt/c/Users/eddyarias/Sovos/Sovos-Per-Emp/TIC/DataTIC/ISIC-images//ISIC_0060017.jpg,1
/mnt/c/Users/eddyarias/Sovos/Sovos-Per-Emp/TIC/DataTIC/ISIC-images//ISIC_0062239.jpg,1
/mnt/c/Users/eddyarias/Sovos/Sovos-Per-Emp/TIC/DataTIC/ISIC-images//ISIC_0056443.jpg,0
/mnt/c/Users/eddyarias/Sovos/Sovos-Per-Emp/TIC/DataTIC/ISIC-images//ISIC_0072017.jpg,0
/mnt/c/Users/eddyarias/Sovos/Sovos-Per-Emp/TIC/DataTIC/ISIC-images//ISIC_0068332.jpg,1
/mnt/c/Users/eddyarias/Sovos/Sovos-Per-Emp/TIC/DataTIC/ISIC-images//ISIC_0060294.jpg,0
/mnt/c/Users/eddyarias/Sovos/Sovos-Per-Emp/TIC/DataTIC/ISIC-images//ISIC_0066033.jpg,0
/mnt/c/Users/eddyarias/Sovos/Sovos-Per-Emp/TIC/DataTIC/ISIC-images//ISIC_0056408.jpg,0
/mnt/c/Users/eddyarias/Sovos/Sovos-Per-Emp/TIC/DataTIC/ISIC-images//ISIC_0059695.jpg,0
/mnt/c/Users/eddyarias/Sovos/Sovos-Per-Emp/TIC/DataTIC/ISIC-images//ISIC_0065431.jpg,1
/mnt/c/Users/eddyarias/Sovos/Sovos-Per-Emp/TIC/DataTIC/ISIC-images//ISIC_0066248.jpg,1
/mnt/c/Users/eddyarias/Sovos/Sovos-Per-Emp/TIC/DataTIC/ISIC-images//ISIC_0064870.jpg,0
/mnt/c/Users/eddyarias/Sovos/Sovos-Per-Emp/TIC/DataTIC/ISIC-images//ISIC_0055585.jpg,0
/mnt/c/Users/eddyarias/Sovos/Sovos-Per-Emp/TIC/DataTIC/ISIC-images//ISIC_0068084.jpg,0
/mnt/c/Users/eddyarias/Sovos/Sovos-Per-Emp/TIC/DataTIC/ISIC-images//ISIC_0058321.jpg,1
/mnt/c/Users/eddyarias/Sovos/Sovos-Per-Emp/TIC/DataTIC/ISIC-images//ISIC_0057629.jpg,1
/mnt/c/Users/eddyarias/Sovos/Sovos-Per-Emp/TIC/DataTIC/ISIC-images//ISIC_0072347.jpg,1
/mnt/c/Users/eddyarias/Sovos/Sovos-Per-Emp/TIC/DataTIC/ISIC-images//ISIC_0063836.jpg,1
/mnt/c/Users/eddyarias/Sovos/Sovos-Per-Emp/TIC/DataTIC/ISIC-images//ISIC_0072292.jpg,1
/mnt/c/Users/eddyarias/Sovos/Sovos-Per-Emp/TIC/DataTIC/ISIC-images//ISIC_0062849.jpg,0
/mnt/c/Users/eddyarias/Sovos/Sovos-Per-Emp/TIC/DataTIC/ISIC-images//ISIC_0067558.jpg,1
/mnt/c/Users/eddyarias/Sovos/Sovos-Per-Emp/TIC/DataTIC/ISIC-images//ISIC_0056663.jpg,1
/mnt/c/Users/eddyarias/Sovos/Sovos-Per-Emp/TIC/DataTIC/ISIC-images//ISIC_0066916.jpg,0
/mnt/c/Users/eddyarias/Sovos/Sovos-Per-Emp/TIC/DataTIC/ISIC-images//ISIC_0064362.jpg,0
/mnt/c/Users/eddyarias/Sovos/Sovos-Per-Emp/TIC/DataTIC/ISIC-images//ISIC_0055971.jpg,0
/mnt/c/Users/eddyarias/Sovos/Sovos-Per-Emp/TIC/DataTIC/ISIC-images//ISIC_0068955.jpg,1
/mnt/c/Users/eddyarias/Sovos/Sovos-Per-Emp/TIC/DataTIC/ISIC-images//ISIC_0059644.jpg,1
/mnt/c/Users/eddyarias/Sovos/Sovos-Per-Emp/TIC/DataTIC/ISIC-images//ISIC_0054700.jpg,0
/mnt/c/Users/eddyarias/Sovos/Sovos-Per-Emp/TIC/DataTIC/ISIC-images//ISIC_0058919.jpg,0
/mnt/c/Users/eddyarias/Sovos/Sovos-Per-Emp/TIC/DataTIC/ISIC-images//ISIC_0057041.jpg,1
/mnt/c/Users/eddyarias/Sovos/Sovos-Per-Emp/TIC/DataTIC/ISIC-images//ISIC_0069374.jpg,0
/mnt/c/Users/eddyarias/Sovos/Sovos-Per-Emp/TIC/DataTIC/ISIC-images//ISIC_0064394.jpg,1
/mnt/c/Users/eddyarias/Sovos/Sovos-Per-Emp/TIC/DataTIC/ISIC-images//ISIC_0056538.jpg,1
/mnt/c/Users/eddyarias/Sovos/Sovos-Per-Emp/TIC/DataTIC/ISIC-images//ISIC_0066912.jpg,0
/mnt/c/Users/eddyarias/Sovos/Sovos-Per-Emp/TIC/DataTIC/ISIC-images//ISIC_0058491.jpg,1
/mnt/c/Users/eddyarias/Sovos/Sovos-Per-Emp/TIC/DataTIC/ISIC-images//ISIC_0069191.jpg,1
/mnt/c/Users/eddyarias/Sovos/Sovos-Per-Emp/TIC/DataTIC/ISIC-images//ISIC_0070465.jpg,1
/mnt/c/Users/eddyarias/Sovos/Sovos-Per-Emp/TIC/DataTIC/ISIC-images//ISIC_0065153.jpg,0
/mnt/c/Users/eddyarias/Sovos/Sovos-Per-Emp/TIC/DataTIC/ISIC-images//ISIC_0056742.jpg,1
/mnt/c/Users/eddyarias/Sovos/Sovos-Per-Emp/TIC/DataTIC/ISIC-images//ISIC_0059235.jpg,0
/mnt/c/Users/eddyarias/Sovos/Sovos-Per-Emp/TIC/DataTIC/ISIC-images//ISIC_0059419.jpg,0
/mnt/c/Users/eddyarias/Sovos/Sovos-Per-Emp/TIC/DataTIC/ISIC-images//ISIC_0060363.jpg,0
/mnt/c/Users/eddyarias/Sovos/Sovos-Per-Emp/TIC/DataTIC/ISIC-images//ISIC_0056684.jpg,1
/mnt/c/Users/eddyarias/Sovos/Sovos-Per-Emp/TIC/DataTIC/ISIC-images//ISIC_0065731.jpg,1
/mnt/c/Users/eddyarias/Sovos/Sovos-Per-Emp/TIC/DataTIC/ISIC-images//ISIC_0060856.jpg,0
/mnt/c/Users/eddyarias/Sovos/Sovos-Per-Emp/TIC/DataTIC/ISIC-images//ISIC_0071652.jpg,0
/mnt/c/Users/eddyarias/Sovos/Sovos-Per-Emp/TIC/DataTIC/ISIC-images//ISIC_0060771.jpg,1
/mnt/c/Users/eddyarias/Sovos/Sovos-Per-Emp/TIC/DataTIC/ISIC-images//ISIC_0065525.jpg,1
/mnt/c/Users/eddyarias/Sovos/Sovos-Per-Emp/TIC/DataTIC/ISIC-images//ISIC_0057373.jpg,1
/mnt/c/Users/eddyarias/Sovos/Sovos-Per-Emp/TIC/DataTIC/ISIC-images//ISIC_0069829.jpg,0
/mnt/c/Users/eddyarias/Sovos/Sovos-Per-Emp/TIC/DataTIC/ISIC-images//ISIC_0065970.jpg,0
/mnt/c/Users/eddyarias/Sovos/Sovos-Per-Emp/TIC/DataTIC/ISIC-images//ISIC_0060495.jpg,1
/mnt/c/Users/eddyarias/Sovos/Sovos-Per-Emp/TIC/DataTIC/ISIC-images//ISIC_0055150.jpg,1
/mnt/c/Users/eddyarias/Sovos/Sovos-Per-Emp/TIC/DataTIC/ISIC-images//ISIC_0062548.jpg,0
/mnt/c/Users/eddyarias/Sovos/Sovos-Per-Emp/TIC/DataTIC/ISIC-images//ISIC_0062568.jpg,1
/mnt/c/Users/eddyarias/Sovos/Sovos-Per-Emp/TIC/DataTIC/ISIC-images//ISIC_0065248.jpg,1
/mnt/c/Users/eddyarias/Sovos/Sovos-Per-Emp/TIC/DataTIC/ISIC-images//ISIC_0062517.jpg,1
/mnt/c/Users/eddyarias/Sovos/Sovos-Per-Emp/TIC/DataTIC/ISIC-images//ISIC_0060388.jpg,0
/mnt/c/Users/eddyarias/Sovos/Sovos-Per-Emp/TIC/DataTIC/ISIC-images//ISIC_0060896.jpg,1
/mnt/c/Users/eddyarias/Sovos/Sovos-Per-Emp/TIC/DataTIC/ISIC-images//ISIC_0061345.jpg,1
/mnt/c/Users/eddyarias/Sovos/Sovos-Per-Emp/TIC/DataTIC/ISIC-images//ISIC_0064195.jpg,1
/mnt/c/Users/eddyarias/Sovos/Sovos-Per-Emp/TIC/DataTIC/ISIC-images//ISIC_0071962.jpg,0
/mnt/c/Users/eddyarias/Sovos/Sovos-Per-Emp/TIC/DataTIC/ISIC-images//ISIC_0061081.jpg,1
/mnt/c/Users/eddyarias/Sovos/Sovos-Per-Emp/TIC/DataTIC/ISIC-images//ISIC_0072926.jpg,0
/mnt/c/Users/eddyarias/Sovos/Sovos-Per-Emp/TIC/DataTIC/ISIC-images//ISIC_0053803.jpg,0
/mnt/c/Users/eddyarias/Sovos/Sovos-Per-Emp/TIC/DataTIC/ISIC-images//ISIC_0068076.jpg,0
/mnt/c/Users/eddyarias/Sovos/Sovos-Per-Emp/TIC/DataTIC/ISIC-images//ISIC_0071053.jpg,1
/mnt/c/Users/eddyarias/Sovos/Sovos-Per-Emp/TIC/DataTIC/ISIC-images//ISIC_0072852.jpg,1
/mnt/c/Users/eddyarias/Sovos/Sovos-Per-Emp/TIC/DataTIC/ISIC-images//ISIC_0070326.jpg,0
/mnt/c/Users/eddyarias/Sovos/Sovos-Per-Emp/TIC/DataTIC/ISIC-images//ISIC_0057425.jpg,0
/mnt/c/Users/eddyarias/Sovos/Sovos-Per-Emp/TIC/DataTIC/ISIC-images//ISIC_0064757.jpg,0
/mnt/c/Users/eddyarias/Sovos/Sovos-Per-Emp/TIC/DataTIC/ISIC-images//ISIC_0068744.jpg,1
/mnt/c/Users/eddyarias/Sovos/Sovos-Per-Emp/TIC/DataTIC/ISIC-images//ISIC_0068904.jpg,1
/mnt/c/Users/eddyarias/Sovos/Sovos-Per-Emp/TIC/DataTIC/ISIC-images//ISIC_0066010.jpg,1
/mnt/c/Users/eddyarias/Sovos/Sovos-Per-Emp/TIC/DataTIC/ISIC-images//ISIC_0055297.jpg,1
/mnt/c/Users/eddyarias/Sovos/Sovos-Per-Emp/TIC/DataTIC/ISIC-images//ISIC_0060883.jpg,1
/mnt/c/Users/eddyarias/Sovos/Sovos-Per-Emp/TIC/DataTIC/ISIC-images//ISIC_0054879.jpg,0
/mnt/c/Users/eddyarias/Sovos/Sovos-Per-Emp/TIC/DataTIC/ISIC-images//ISIC_0062649.jpg,1
/mnt/c/Users/eddyarias/Sovos/Sovos-Per-Emp/TIC/DataTIC/ISIC-images//ISIC_0058035.jpg,0
/mnt/c/Users/eddyarias/Sovos/Sovos-Per-Emp/TIC/DataTIC/ISIC-images//ISIC_0071047.jpg,1
/mnt/c/Users/eddyarias/Sovos/Sovos-Per-Emp/TIC/DataTIC/ISIC-images//ISIC_0054232.jpg,1
/mnt/c/Users/eddyarias/Sovos/Sovos-Per-Emp/TIC/DataTIC/ISIC-images//ISIC_0058928.jpg,1
/mnt/c/Users/eddyarias/Sovos/Sovos-Per-Emp/TIC/DataTIC/ISIC-images//ISIC_0068116.jpg,1
/mnt/c/Users/eddyarias/Sovos/Sovos-Per-Emp/TIC/DataTIC/ISIC-images//ISIC_0073203.jpg,1
/mnt/c/Users/eddyarias/Sovos/Sovos-Per-Emp/TIC/DataTIC/ISIC-images//ISIC_0066112.jpg,0
/mnt/c/Users/eddyarias/Sovos/Sovos-Per-Emp/TIC/DataTIC/ISIC-images//ISIC_0065090.jpg,0
/mnt/c/Users/eddyarias/Sovos/Sovos-Per-Emp/TIC/DataTIC/ISIC-images//ISIC_0065251.jpg,0
/mnt/c/Users/eddyarias/Sovos/Sovos-Per-Emp/TIC/DataTIC/ISIC-images//ISIC_0071916.jpg,1
/mnt/c/Users/eddyarias/Sovos/Sovos-Per-Emp/TIC/DataTIC/ISIC-images//ISIC_0056221.jpg,1
/mnt/c/Users/eddyarias/Sovos/Sovos-Per-Emp/TIC/DataTIC/ISIC-images//ISIC_0062811.jpg,0
/mnt/c/Users/eddyarias/Sovos/Sovos-Per-Emp/TIC/DataTIC/ISIC-images//ISIC_0061268.jpg,1
/mnt/c/Users/eddyarias/Sovos/Sovos-Per-Emp/TIC/DataTIC/ISIC-images//ISIC_0065178.jpg,1
/mnt/c/Users/eddyarias/Sovos/Sovos-Per-Emp/TIC/DataTIC/ISIC-images//ISIC_0061750.jpg,1
/mnt/c/Users/eddyarias/Sovos/Sovos-Per-Emp/TIC/DataTIC/ISIC-images//ISIC_0059579.jpg,1
/mnt/c/Users/eddyarias/Sovos/Sovos-Per-Emp/TIC/DataTIC/ISIC-images//ISIC_0070013.jpg,1
/mnt/c/Users/eddyarias/Sovos/Sovos-Per-Emp/TIC/DataTIC/ISIC-images//ISIC_0063858.jpg,1
/mnt/c/Users/eddyarias/Sovos/Sovos-Per-Emp/TIC/DataTIC/ISIC-images//ISIC_0068254.jpg,0
/mnt/c/Users/eddyarias/Sovos/Sovos-Per-Emp/TIC/DataTIC/ISIC-images//ISIC_0071754.jpg,0
/mnt/c/Users/eddyarias/Sovos/Sovos-Per-Emp/TIC/DataTIC/ISIC-images//ISIC_0069206.jpg,1
/mnt/c/Users/eddyarias/Sovos/Sovos-Per-Emp/TIC/DataTIC/ISIC-images//ISIC_0057600.jpg,0
/mnt/c/Users/eddyarias/Sovos/Sovos-Per-Emp/TIC/DataTIC/ISIC-images//ISIC_0063304.jpg,0
/mnt/c/Users/eddyarias/Sovos/Sovos-Per-Emp/TIC/DataTIC/ISIC-images//ISIC_0056918.jpg,1
/mnt/c/Users/eddyarias/Sovos/Sovos-Per-Emp/TIC/DataTIC/ISIC-images//ISIC_0058063.jpg,1
/mnt/c/Users/eddyarias/Sovos/Sovos-Per-Emp/TIC/DataTIC/ISIC-images//ISIC_0069467.jpg,1
/mnt/c/Users/eddyarias/Sovos/Sovos-Per-Emp/TIC/DataTIC/ISIC-images//ISIC_0067319.jpg,0
/mnt/c/Users/eddyarias/Sovos/Sovos-Per-Emp/TIC/DataTIC/ISIC-images//ISIC_0070725.jpg,1
/mnt/c/Users/eddyarias/Sovos/Sovos-Per-Emp/TIC/DataTIC/ISIC-images//ISIC_0054684.jpg,1
/mnt/c/Users/eddyarias/Sovos/Sovos-Per-Emp/TIC/DataTIC/ISIC-images//ISIC_0062788.jpg,1
/mnt/c/Users/eddyarias/Sovos/Sovos-Per-Emp/TIC/DataTIC/ISIC-images//ISIC_0065834.jpg,0
/mnt/c/Users/eddyarias/Sovos/Sovos-Per-Emp/TIC/DataTIC/ISIC-images//ISIC_0065607.jpg,1
/mnt/c/Users/eddyarias/Sovos/Sovos-Per-Emp/TIC/DataTIC/ISIC-images//ISIC_0065403.jpg,0
/mnt/c/Users/eddyarias/Sovos/Sovos-Per-Emp/TIC/DataTIC/ISIC-images//ISIC_0069885.jpg,0
/mnt/c/Users/eddyarias/Sovos/Sovos-Per-Emp/TIC/DataTIC/ISIC-images//ISIC_0068136.jpg,1
/mnt/c/Users/eddyarias/Sovos/Sovos-Per-Emp/TIC/DataTIC/ISIC-images//ISIC_0063010.jpg,0
/mnt/c/Users/eddyarias/Sovos/Sovos-Per-Emp/TIC/DataTIC/ISIC-images//ISIC_0062461.jpg,0
/mnt/c/Users/eddyarias/Sovos/Sovos-Per-Emp/TIC/DataTIC/ISIC-images//ISIC_0059876.jpg,0
/mnt/c/Users/eddyarias/Sovos/Sovos-Per-Emp/TIC/DataTIC/ISIC-images//ISIC_0062141.jpg,1
/mnt/c/Users/eddyarias/Sovos/Sovos-Per-Emp/TIC/DataTIC/ISIC-images//ISIC_0065521.jpg,1
/mnt/c/Users/eddyarias/Sovos/Sovos-Per-Emp/TIC/DataTIC/ISIC-images//ISIC_0058982.jpg,0
/mnt/c/Users/eddyarias/Sovos/Sovos-Per-Emp/TIC/DataTIC/ISIC-images//ISIC_0067530.jpg,0
/mnt/c/Users/eddyarias/Sovos/Sovos-Per-Emp/TIC/DataTIC/ISIC-images//ISIC_0069790.jpg,0
/mnt/c/Users/eddyarias/Sovos/Sovos-Per-Emp/TIC/DataTIC/ISIC-images//ISIC_0064509.jpg,0
/mnt/c/Users/eddyarias/Sovos/Sovos-Per-Emp/TIC/DataTIC/ISIC-images//ISIC_0063548.jpg,0
/mnt/c/Users/eddyarias/Sovos/Sovos-Per-Emp/TIC/DataTIC/ISIC-images//ISIC_0063602.jpg,0
/mnt/c/Users/eddyarias/Sovos/Sovos-Per-Emp/TIC/DataTIC/ISIC-images//ISIC_0071024.jpg,0
/mnt/c/Users/eddyarias/Sovos/Sovos-Per-Emp/TIC/DataTIC/ISIC-images//ISIC_0069046.jpg,0
/mnt/c/Users/eddyarias/Sovos/Sovos-Per-Emp/TIC/DataTIC/ISIC-images//ISIC_0063401.jpg,1
/mnt/c/Users/eddyarias/Sovos/Sovos-Per-Emp/TIC/DataTIC/ISIC-images//ISIC_0071593.jpg,0
/mnt/c/Users/eddyarias/Sovos/Sovos-Per-Emp/TIC/DataTIC/ISIC-images//ISIC_0070308.jpg,1
/mnt/c/Users/eddyarias/Sovos/Sovos-Per-Emp/TIC/DataTIC/ISIC-images//ISIC_0064859.jpg,0
/mnt/c/Users/eddyarias/Sovos/Sovos-Per-Emp/TIC/DataTIC/ISIC-images//ISIC_0064863.jpg,1
/mnt/c/Users/eddyarias/Sovos/Sovos-Per-Emp/TIC/DataTIC/ISIC-images//ISIC_0068245.jpg,0
/mnt/c/Users/eddyarias/Sovos/Sovos-Per-Emp/TIC/DataTIC/ISIC-images//ISIC_0059156.jpg,1
/mnt/c/Users/eddyarias/Sovos/Sovos-Per-Emp/TIC/DataTIC/ISIC-images//ISIC_0056426.jpg,0
/mnt/c/Users/eddyarias/Sovos/Sovos-Per-Emp/TIC/DataTIC/ISIC-images//ISIC_0068609.jpg,1
/mnt/c/Users/eddyarias/Sovos/Sovos-Per-Emp/TIC/DataTIC/ISIC-images//ISIC_0064719.jpg,0
/mnt/c/Users/eddyarias/Sovos/Sovos-Per-Emp/TIC/DataTIC/ISIC-images//ISIC_0057699.jpg,0
/mnt/c/Users/eddyarias/Sovos/Sovos-Per-Emp/TIC/DataTIC/ISIC-images//ISIC_0069215.jpg,1
/mnt/c/Users/eddyarias/Sovos/Sovos-Per-Emp/TIC/DataTIC/ISIC-images//ISIC_0069582.jpg,1
/mnt/c/Users/eddyarias/Sovos/Sovos-Per-Emp/TIC/DataTIC/ISIC-images//ISIC_0053913.jpg,1
/mnt/c/Users/eddyarias/Sovos/Sovos-Per-Emp/TIC/DataTIC/ISIC-images//ISIC_0065718.jpg,0
/mnt/c/Users/eddyarias/Sovos/Sovos-Per-Emp/TIC/DataTIC/ISIC-images//ISIC_0065079.jpg,1
/mnt/c/Users/eddyarias/Sovos/Sovos-Per-Emp/TIC/DataTIC/ISIC-images//ISIC_0070527.jpg,0
/mnt/c/Users/eddyarias/Sovos/Sovos-Per-Emp/TIC/DataTIC/ISIC-images//ISIC_0067296.jpg,1
/mnt/c/Users/eddyarias/Sovos/Sovos-Per-Emp/TIC/DataTIC/ISIC-images//ISIC_0070846.jpg,1
/mnt/c/Users/eddyarias/Sovos/Sovos-Per-Emp/TIC/DataTIC/ISIC-images//ISIC_0065213.jpg,1
/mnt/c/Users/eddyarias/Sovos/Sovos-Per-Emp/TIC/DataTIC/ISIC-images//ISIC_0065069.jpg,1
/mnt/c/Users/eddyarias/Sovos/Sovos-Per-Emp/TIC/DataTIC/ISIC-images//ISIC_0059548.jpg,1
/mnt/c/Users/eddyarias/Sovos/Sovos-Per-Emp/TIC/DataTIC/ISIC-images//ISIC_0062988.jpg,1
/mnt/c/Users/eddyarias/Sovos/Sovos-Per-Emp/TIC/DataTIC/ISIC-images//ISIC_0060694.jpg,0
/mnt/c/Users/eddyarias/Sovos/Sovos-Per-Emp/TIC/DataTIC/ISIC-images//ISIC_0061355.jpg,1
/mnt/c/Users/eddyarias/Sovos/Sovos-Per-Emp/TIC/DataTIC/ISIC-images//ISIC_0072141.jpg,1
/mnt/c/Users/eddyarias/Sovos/Sovos-Per-Emp/TIC/DataTIC/ISIC-images//ISIC_0055270.jpg,0
/mnt/c/Users/eddyarias/Sovos/Sovos-Per-Emp/TIC/DataTIC/ISIC-images//ISIC_0059992.jpg,1
/mnt/c/Users/eddyarias/Sovos/Sovos-Per-Emp/TIC/DataTIC/ISIC-images//ISIC_0057174.jpg,0
/mnt/c/Users/eddyarias/Sovos/Sovos-Per-Emp/TIC/DataTIC/ISIC-images//ISIC_0071952.jpg,0
/mnt/c/Users/eddyarias/Sovos/Sovos-Per-Emp/TIC/DataTIC/ISIC-images//ISIC_0067505.jpg,0
/mnt/c/Users/eddyarias/Sovos/Sovos-Per-Emp/TIC/DataTIC/ISIC-images//ISIC_0063162.jpg,1
/mnt/c/Users/eddyarias/Sovos/Sovos-Per-Emp/TIC/DataTIC/ISIC-images//ISIC_0060486.jpg,0
/mnt/c/Users/eddyarias/Sovos/Sovos-Per-Emp/TIC/DataTIC/ISIC-images//ISIC_0069370.jpg,1
/mnt/c/Users/eddyarias/Sovos/Sovos-Per-Emp/TIC/DataTIC/ISIC-images//ISIC_0058202.jpg,1
/mnt/c/Users/eddyarias/Sovos/Sovos-Per-Emp/TIC/DataTIC/ISIC-images//ISIC_0071215.jpg,1
/mnt/c/Users/eddyarias/Sovos/Sovos-Per-Emp/TIC/DataTIC/ISIC-images//ISIC_0059246.jpg,1
/mnt/c/Users/eddyarias/Sovos/Sovos-Per-Emp/TIC/DataTIC/ISIC-images//ISIC_0060681.jpg,1
/mnt/c/Users/eddyarias/Sovos/Sovos-Per-Emp/TIC/DataTIC/ISIC-images//ISIC_0055781.jpg,1
/mnt/c/Users/eddyarias/Sovos/Sovos-Per-Emp/TIC/DataTIC/ISIC-images//ISIC_0056180.jpg,1
/mnt/c/Users/eddyarias/Sovos/Sovos-Per-Emp/TIC/DataTIC/ISIC-images//ISIC_0055443.jpg,0
/mnt/c/Users/eddyarias/Sovos/Sovos-Per-Emp/TIC/DataTIC/ISIC-images//ISIC_0055326.jpg,0
/mnt/c/Users/eddyarias/Sovos/Sovos-Per-Emp/TIC/DataTIC/ISIC-images//ISIC_0070478.jpg,0
/mnt/c/Users/eddyarias/Sovos/Sovos-Per-Emp/TIC/DataTIC/ISIC-images//ISIC_0070728.jpg,1
/mnt/c/Users/eddyarias/Sovos/Sovos-Per-Emp/TIC/DataTIC/ISIC-images//ISIC_0069562.jpg,0
/mnt/c/Users/eddyarias/Sovos/Sovos-Per-Emp/TIC/DataTIC/ISIC-images//ISIC_0061292.jpg,0
/mnt/c/Users/eddyarias/Sovos/Sovos-Per-Emp/TIC/DataTIC/ISIC-images//ISIC_0054889.jpg,1
/mnt/c/Users/eddyarias/Sovos/Sovos-Per-Emp/TIC/DataTIC/ISIC-images//ISIC_0058693.jpg,1
/mnt/c/Users/eddyarias/Sovos/Sovos-Per-Emp/TIC/DataTIC/ISIC-images//ISIC_0062457.jpg,1
/mnt/c/Users/eddyarias/Sovos/Sovos-Per-Emp/TIC/DataTIC/ISIC-images//ISIC_0065399.jpg,0
/mnt/c/Users/eddyarias/Sovos/Sovos-Per-Emp/TIC/DataTIC/ISIC-images//ISIC_0057364.jpg,0
/mnt/c/Users/eddyarias/Sovos/Sovos-Per-Emp/TIC/DataTIC/ISIC-images//ISIC_0067645.jpg,0
/mnt/c/Users/eddyarias/Sovos/Sovos-Per-Emp/TIC/DataTIC/ISIC-images//ISIC_0072577.jpg,1
/mnt/c/Users/eddyarias/Sovos/Sovos-Per-Emp/TIC/DataTIC/ISIC-images//ISIC_0066679.jpg,0
/mnt/c/Users/eddyarias/Sovos/Sovos-Per-Emp/TIC/DataTIC/ISIC-images//ISIC_0065787.jpg,1
/mnt/c/Users/eddyarias/Sovos/Sovos-Per-Emp/TIC/DataTIC/ISIC-images//ISIC_0068690.jpg,0
/mnt/c/Users/eddyarias/Sovos/Sovos-Per-Emp/TIC/DataTIC/ISIC-images//ISIC_0053998.jpg,0
/mnt/c/Users/eddyarias/Sovos/Sovos-Per-Emp/TIC/DataTIC/ISIC-images//ISIC_0068986.jpg,0
/mnt/c/Users/eddyarias/Sovos/Sovos-Per-Emp/TIC/DataTIC/ISIC-images//ISIC_0068481.jpg,1
/mnt/c/Users/eddyarias/Sovos/Sovos-Per-Emp/TIC/DataTIC/ISIC-images//ISIC_0057830.jpg,0
/mnt/c/Users/eddyarias/Sovos/Sovos-Per-Emp/TIC/DataTIC/ISIC-images//ISIC_0058272.jpg,0
/mnt/c/Users/eddyarias/Sovos/Sovos-Per-Emp/TIC/DataTIC/ISIC-images//ISIC_0064541.jpg,0
/mnt/c/Users/eddyarias/Sovos/Sovos-Per-Emp/TIC/DataTIC/ISIC-images//ISIC_0060224.jpg,1
/mnt/c/Users/eddyarias/Sovos/Sovos-Per-Emp/TIC/DataTIC/ISIC-images//ISIC_0061791.jpg,1
/mnt/c/Users/eddyarias/Sovos/Sovos-Per-Emp/TIC/DataTIC/ISIC-images//ISIC_0068959.jpg,0
/mnt/c/Users/eddyarias/Sovos/Sovos-Per-Emp/TIC/DataTIC/ISIC-images//ISIC_0054019.jpg,0
/mnt/c/Users/eddyarias/Sovos/Sovos-Per-Emp/TIC/DataTIC/ISIC-images//ISIC_0059949.jpg,0
/mnt/c/Users/eddyarias/Sovos/Sovos-Per-Emp/TIC/DataTIC/ISIC-images//ISIC_0070280.jpg,0
/mnt/c/Users/eddyarias/Sovos/Sovos-Per-Emp/TIC/DataTIC/ISIC-images//ISIC_0060960.jpg,0
/mnt/c/Users/eddyarias/Sovos/Sovos-Per-Emp/TIC/DataTIC/ISIC-images//ISIC_0067011.jpg,0
/mnt/c/Users/eddyarias/Sovos/Sovos-Per-Emp/TIC/DataTIC/ISIC-images//ISIC_0071882.jpg,1
/mnt/c/Users/eddyarias/Sovos/Sovos-Per-Emp/TIC/DataTIC/ISIC-images//ISIC_0067883.jpg,0
/mnt/c/Users/eddyarias/Sovos/Sovos-Per-Emp/TIC/DataTIC/ISIC-images//ISIC_0071058.jpg,1
/mnt/c/Users/eddyarias/Sovos/Sovos-Per-Emp/TIC/DataTIC/ISIC-images//ISIC_0054554.jpg,0
/mnt/c/Users/eddyarias/Sovos/Sovos-Per-Emp/TIC/DataTIC/ISIC-images//ISIC_0065846.jpg,1
/mnt/c/Users/eddyarias/Sovos/Sovos-Per-Emp/TIC/DataTIC/ISIC-images//ISIC_0065948.jpg,0
/mnt/c/Users/eddyarias/Sovos/Sovos-Per-Emp/TIC/DataTIC/ISIC-images//ISIC_0058624.jpg,0
/mnt/c/Users/eddyarias/Sovos/Sovos-Per-Emp/TIC/DataTIC/ISIC-images//ISIC_0059869.jpg,1
/mnt/c/Users/eddyarias/Sovos/Sovos-Per-Emp/TIC/DataTIC/ISIC-images//ISIC_0062612.jpg,0
/mnt/c/Users/eddyarias/Sovos/Sovos-Per-Emp/TIC/DataTIC/ISIC-images//ISIC_0067929.jpg,0
/mnt/c/Users/eddyarias/Sovos/Sovos-Per-Emp/TIC/DataTIC/ISIC-images//ISIC_0071883.jpg,0
/mnt/c/Users/eddyarias/Sovos/Sovos-Per-Emp/TIC/DataTIC/ISIC-images//ISIC_0063967.jpg,1
/mnt/c/Users/eddyarias/Sovos/Sovos-Per-Emp/TIC/DataTIC/ISIC-images//ISIC_0067259.jpg,0
/mnt/c/Users/eddyarias/Sovos/Sovos-Per-Emp/TIC/DataTIC/ISIC-images//ISIC_0068889.jpg,0
/mnt/c/Users/eddyarias/Sovos/Sovos-Per-Emp/TIC/DataTIC/ISIC-images//ISIC_0062446.jpg,0
/mnt/c/Users/eddyarias/Sovos/Sovos-Per-Emp/TIC/DataTIC/ISIC-images//ISIC_0062968.jpg,0
/mnt/c/Users/eddyarias/Sovos/Sovos-Per-Emp/TIC/DataTIC/ISIC-images//ISIC_0066153.jpg,0
/mnt/c/Users/eddyarias/Sovos/Sovos-Per-Emp/TIC/DataTIC/ISIC-images//ISIC_0053980.jpg,1
/mnt/c/Users/eddyarias/Sovos/Sovos-Per-Emp/TIC/DataTIC/ISIC-images//ISIC_0060730.jpg,0
/mnt/c/Users/eddyarias/Sovos/Sovos-Per-Emp/TIC/DataTIC/ISIC-images//ISIC_0059364.jpg,0
/mnt/c/Users/eddyarias/Sovos/Sovos-Per-Emp/TIC/DataTIC/ISIC-images//ISIC_0064053.jpg,1
/mnt/c/Users/eddyarias/Sovos/Sovos-Per-Emp/TIC/DataTIC/ISIC-images//ISIC_0062994.jpg,1
/mnt/c/Users/eddyarias/Sovos/Sovos-Per-Emp/TIC/DataTIC/ISIC-images//ISIC_0072651.jpg,0
/mnt/c/Users/eddyarias/Sovos/Sovos-Per-Emp/TIC/DataTIC/ISIC-images//ISIC_0054139.jpg,1
/mnt/c/Users/eddyarias/Sovos/Sovos-Per-Emp/TIC/DataTIC/ISIC-images//ISIC_0061388.jpg,1
/mnt/c/Users/eddyarias/Sovos/Sovos-Per-Emp/TIC/DataTIC/ISIC-images//ISIC_0064414.jpg,0
/mnt/c/Users/eddyarias/Sovos/Sovos-Per-Emp/TIC/DataTIC/ISIC-images//ISIC_0054691.jpg,1
/mnt/c/Users/eddyarias/Sovos/Sovos-Per-Emp/TIC/DataTIC/ISIC-images//ISIC_0060155.jpg,1
/mnt/c/Users/eddyarias/Sovos/Sovos-Per-Emp/TIC/DataTIC/ISIC-images//ISIC_0070608.jpg,1
/mnt/c/Users/eddyarias/Sovos/Sovos-Per-Emp/TIC/DataTIC/ISIC-images//ISIC_0070445.jpg,1
/mnt/c/Users/eddyarias/Sovos/Sovos-Per-Emp/TIC/DataTIC/ISIC-images//ISIC_0060600.jpg,0
/mnt/c/Users/eddyarias/Sovos/Sovos-Per-Emp/TIC/DataTIC/ISIC-images//ISIC_0068821.jpg,0
/mnt/c/Users/eddyarias/Sovos/Sovos-Per-Emp/TIC/DataTIC/ISIC-images//ISIC_0065958.jpg,0
/mnt/c/Users/eddyarias/Sovos/Sovos-Per-Emp/TIC/DataTIC/ISIC-images//ISIC_0072365.jpg,1
/mnt/c/Users/eddyarias/Sovos/Sovos-Per-Emp/TIC/DataTIC/ISIC-images//ISIC_0067160.jpg,1
/mnt/c/Users/eddyarias/Sovos/Sovos-Per-Emp/TIC/DataTIC/ISIC-images//ISIC_0062864.jpg,1
/mnt/c/Users/eddyarias/Sovos/Sovos-Per-Emp/TIC/DataTIC/ISIC-images//ISIC_0060977.jpg,1
/mnt/c/Users/eddyarias/Sovos/Sovos-Per-Emp/TIC/DataTIC/ISIC-images//ISIC_0066390.jpg,1
/mnt/c/Users/eddyarias/Sovos/Sovos-Per-Emp/TIC/DataTIC/ISIC-images//ISIC_0062440.jpg,0
/mnt/c/Users/eddyarias/Sovos/Sovos-Per-Emp/TIC/DataTIC/ISIC-images//ISIC_0054782.jpg,1
/mnt/c/Users/eddyarias/Sovos/Sovos-Per-Emp/TIC/DataTIC/ISIC-images//ISIC_0071207.jpg,0
/mnt/c/Users/eddyarias/Sovos/Sovos-Per-Emp/TIC/DataTIC/ISIC-images//ISIC_0070464.jpg,0
/mnt/c/Users/eddyarias/Sovos/Sovos-Per-Emp/TIC/DataTIC/ISIC-images//ISIC_0072395.jpg,1
/mnt/c/Users/eddyarias/Sovos/Sovos-Per-Emp/TIC/DataTIC/ISIC-images//ISIC_0070264.jpg,1
/mnt/c/Users/eddyarias/Sovos/Sovos-Per-Emp/TIC/DataTIC/ISIC-images//ISIC_0066774.jpg,1
/mnt/c/Users/eddyarias/Sovos/Sovos-Per-Emp/TIC/DataTIC/ISIC-images//ISIC_0058944.jpg,0
/mnt/c/Users/eddyarias/Sovos/Sovos-Per-Emp/TIC/DataTIC/ISIC-images//ISIC_0061378.jpg,1
/mnt/c/Users/eddyarias/Sovos/Sovos-Per-Emp/TIC/DataTIC/ISIC-images//ISIC_0071271.jpg,1
/mnt/c/Users/eddyarias/Sovos/Sovos-Per-Emp/TIC/DataTIC/ISIC-images//ISIC_0062400.jpg,0
/mnt/c/Users/eddyarias/Sovos/Sovos-Per-Emp/TIC/DataTIC/ISIC-images//ISIC_0066781.jpg,1
/mnt/c/Users/eddyarias/Sovos/Sovos-Per-Emp/TIC/DataTIC/ISIC-images//ISIC_0070128.jpg,1
/mnt/c/Users/eddyarias/Sovos/Sovos-Per-Emp/TIC/DataTIC/ISIC-images//ISIC_0062117.jpg,1
/mnt/c/Users/eddyarias/Sovos/Sovos-Per-Emp/TIC/DataTIC/ISIC-images//ISIC_0055538.jpg,1
/mnt/c/Users/eddyarias/Sovos/Sovos-Per-Emp/TIC/DataTIC/ISIC-images//ISIC_0056690.jpg,0
/mnt/c/Users/eddyarias/Sovos/Sovos-Per-Emp/TIC/DataTIC/ISIC-images//ISIC_0063417.jpg,1
/mnt/c/Users/eddyarias/Sovos/Sovos-Per-Emp/TIC/DataTIC/ISIC-images//ISIC_0056352.jpg,0
/mnt/c/Users/eddyarias/Sovos/Sovos-Per-Emp/TIC/DataTIC/ISIC-images//ISIC_0060643.jpg,1
/mnt/c/Users/eddyarias/Sovos/Sovos-Per-Emp/TIC/DataTIC/ISIC-images//ISIC_0055669.jpg,0
/mnt/c/Users/eddyarias/Sovos/Sovos-Per-Emp/TIC/DataTIC/ISIC-images//ISIC_0058873.jpg,0
/mnt/c/Users/eddyarias/Sovos/Sovos-Per-Emp/TIC/DataTIC/ISIC-images//ISIC_0055073.jpg,0
/mnt/c/Users/eddyarias/Sovos/Sovos-Per-Emp/TIC/DataTIC/ISIC-images//ISIC_0066463.jpg,1
/mnt/c/Users/eddyarias/Sovos/Sovos-Per-Emp/TIC/DataTIC/ISIC-images//ISIC_0064427.jpg,1
/mnt/c/Users/eddyarias/Sovos/Sovos-Per-Emp/TIC/DataTIC/ISIC-images//ISIC_0062966.jpg,1
/mnt/c/Users/eddyarias/Sovos/Sovos-Per-Emp/TIC/DataTIC/ISIC-images//ISIC_0068193.jpg,0
/mnt/c/Users/eddyarias/Sovos/Sovos-Per-Emp/TIC/DataTIC/ISIC-images//ISIC_0055931.jpg,1
/mnt/c/Users/eddyarias/Sovos/Sovos-Per-Emp/TIC/DataTIC/ISIC-images//ISIC_0060740.jpg,1
/mnt/c/Users/eddyarias/Sovos/Sovos-Per-Emp/TIC/DataTIC/ISIC-images//ISIC_0061441.jpg,1
/mnt/c/Users/eddyarias/Sovos/Sovos-Per-Emp/TIC/DataTIC/ISIC-images//ISIC_0063766.jpg,1
/mnt/c/Users/eddyarias/Sovos/Sovos-Per-Emp/TIC/DataTIC/ISIC-images//ISIC_0060434.jpg,1
/mnt/c/Users/eddyarias/Sovos/Sovos-Per-Emp/TIC/DataTIC/ISIC-images//ISIC_0069882.jpg,0
/mnt/c/Users/eddyarias/Sovos/Sovos-Per-Emp/TIC/DataTIC/ISIC-images//ISIC_0070155.jpg,1
/mnt/c/Users/eddyarias/Sovos/Sovos-Per-Emp/TIC/DataTIC/ISIC-images//ISIC_0061496.jpg,1
/mnt/c/Users/eddyarias/Sovos/Sovos-Per-Emp/TIC/DataTIC/ISIC-images//ISIC_0072828.jpg,1
/mnt/c/Users/eddyarias/Sovos/Sovos-Per-Emp/TIC/DataTIC/ISIC-images//ISIC_0054894.jpg,1
/mnt/c/Users/eddyarias/Sovos/Sovos-Per-Emp/TIC/DataTIC/ISIC-images//ISIC_0060398.jpg,0
/mnt/c/Users/eddyarias/Sovos/Sovos-Per-Emp/TIC/DataTIC/ISIC-images//ISIC_0070290.jpg,1
/mnt/c/Users/eddyarias/Sovos/Sovos-Per-Emp/TIC/DataTIC/ISIC-images//ISIC_0065447.jpg,1
/mnt/c/Users/eddyarias/Sovos/Sovos-Per-Emp/TIC/DataTIC/ISIC-images//ISIC_0066800.jpg,1
/mnt/c/Users/eddyarias/Sovos/Sovos-Per-Emp/TIC/DataTIC/ISIC-images//ISIC_0057541.jpg,0
/mnt/c/Users/eddyarias/Sovos/Sovos-Per-Emp/TIC/DataTIC/ISIC-images//ISIC_0070020.jpg,1
/mnt/c/Users/eddyarias/Sovos/Sovos-Per-Emp/TIC/DataTIC/ISIC-images//ISIC_0064906.jpg,0
/mnt/c/Users/eddyarias/Sovos/Sovos-Per-Emp/TIC/DataTIC/ISIC-images//ISIC_0061705.jpg,1
/mnt/c/Users/eddyarias/Sovos/Sovos-Per-Emp/TIC/DataTIC/ISIC-images//ISIC_0058563.jpg,0
/mnt/c/Users/eddyarias/Sovos/Sovos-Per-Emp/TIC/DataTIC/ISIC-images//ISIC_0056612.jpg,1
/mnt/c/Users/eddyarias/Sovos/Sovos-Per-Emp/TIC/DataTIC/ISIC-images//ISIC_0055406.jpg,0
/mnt/c/Users/eddyarias/Sovos/Sovos-Per-Emp/TIC/DataTIC/ISIC-images//ISIC_0067730.jpg,1
/mnt/c/Users/eddyarias/Sovos/Sovos-Per-Emp/TIC/DataTIC/ISIC-images//ISIC_0057288.jpg,1
/mnt/c/Users/eddyarias/Sovos/Sovos-Per-Emp/TIC/DataTIC/ISIC-images//ISIC_0057009.jpg,1
/mnt/c/Users/eddyarias/Sovos/Sovos-Per-Emp/TIC/DataTIC/ISIC-images//ISIC_0066473.jpg,1
/mnt/c/Users/eddyarias/Sovos/Sovos-Per-Emp/TIC/DataTIC/ISIC-images//ISIC_0071688.jpg,1
/mnt/c/Users/eddyarias/Sovos/Sovos-Per-Emp/TIC/DataTIC/ISIC-images//ISIC_0063436.jpg,0
/mnt/c/Users/eddyarias/Sovos/Sovos-Per-Emp/TIC/DataTIC/ISIC-images//ISIC_0063352.jpg,1
/mnt/c/Users/eddyarias/Sovos/Sovos-Per-Emp/TIC/DataTIC/ISIC-images//ISIC_0054338.jpg,1
/mnt/c/Users/eddyarias/Sovos/Sovos-Per-Emp/TIC/DataTIC/ISIC-images//ISIC_0065664.jpg,1
/mnt/c/Users/eddyarias/Sovos/Sovos-Per-Emp/TIC/DataTIC/ISIC-images//ISIC_0054325.jpg,0
/mnt/c/Users/eddyarias/Sovos/Sovos-Per-Emp/TIC/DataTIC/ISIC-images//ISIC_0057537.jpg,0
/mnt/c/Users/eddyarias/Sovos/Sovos-Per-Emp/TIC/DataTIC/ISIC-images//ISIC_0062455.jpg,0
/mnt/c/Users/eddyarias/Sovos/Sovos-Per-Emp/TIC/DataTIC/ISIC-images//ISIC_0067712.jpg,0
/mnt/c/Users/eddyarias/Sovos/Sovos-Per-Emp/TIC/DataTIC/ISIC-images//ISIC_0072088.jpg,0
/mnt/c/Users/eddyarias/Sovos/Sovos-Per-Emp/TIC/DataTIC/ISIC-images//ISIC_0071427.jpg,0
/mnt/c/Users/eddyarias/Sovos/Sovos-Per-Emp/TIC/DataTIC/ISIC-images//ISIC_0060646.jpg,0
/mnt/c/Users/eddyarias/Sovos/Sovos-Per-Emp/TIC/DataTIC/ISIC-images//ISIC_0064061.jpg,0
/mnt/c/Users/eddyarias/Sovos/Sovos-Per-Emp/TIC/DataTIC/ISIC-images//ISIC_0058947.jpg,1
/mnt/c/Users/eddyarias/Sovos/Sovos-Per-Emp/TIC/DataTIC/ISIC-images//ISIC_0070747.jpg,1
/mnt/c/Users/eddyarias/Sovos/Sovos-Per-Emp/TIC/DataTIC/ISIC-images//ISIC_0060577.jpg,1
/mnt/c/Users/eddyarias/Sovos/Sovos-Per-Emp/TIC/DataTIC/ISIC-images//ISIC_0073227.jpg,1
/mnt/c/Users/eddyarias/Sovos/Sovos-Per-Emp/TIC/DataTIC/ISIC-images//ISIC_0061391.jpg,0
/mnt/c/Users/eddyarias/Sovos/Sovos-Per-Emp/TIC/DataTIC/ISIC-images//ISIC_0070939.jpg,0
/mnt/c/Users/eddyarias/Sovos/Sovos-Per-Emp/TIC/DataTIC/ISIC-images//ISIC_0072866.jpg,0
/mnt/c/Users/eddyarias/Sovos/Sovos-Per-Emp/TIC/DataTIC/ISIC-images//ISIC_0068459.jpg,0
/mnt/c/Users/eddyarias/Sovos/Sovos-Per-Emp/TIC/DataTIC/ISIC-images//ISIC_0062451.jpg,1
/mnt/c/Users/eddyarias/Sovos/Sovos-Per-Emp/TIC/DataTIC/ISIC-images//ISIC_0064318.jpg,0
/mnt/c/Users/eddyarias/Sovos/Sovos-Per-Emp/TIC/DataTIC/ISIC-images//ISIC_0063379.jpg,1
/mnt/c/Users/eddyarias/Sovos/Sovos-Per-Emp/TIC/DataTIC/ISIC-images//ISIC_0070823.jpg,0
/mnt/c/Users/eddyarias/Sovos/Sovos-Per-Emp/TIC/DataTIC/ISIC-images//ISIC_0072249.jpg,0
/mnt/c/Users/eddyarias/Sovos/Sovos-Per-Emp/TIC/DataTIC/ISIC-images//ISIC_0067702.jpg,1
/mnt/c/Users/eddyarias/Sovos/Sovos-Per-Emp/TIC/DataTIC/ISIC-images//ISIC_0057749.jpg,0
/mnt/c/Users/eddyarias/Sovos/Sovos-Per-Emp/TIC/DataTIC/ISIC-images//ISIC_0058230.jpg,0
/mnt/c/Users/eddyarias/Sovos/Sovos-Per-Emp/TIC/DataTIC/ISIC-images//ISIC_0058559.jpg,1
/mnt/c/Users/eddyarias/Sovos/Sovos-Per-Emp/TIC/DataTIC/ISIC-images//ISIC_0065218.jpg,1
/mnt/c/Users/eddyarias/Sovos/Sovos-Per-Emp/TIC/DataTIC/ISIC-images//ISIC_0057788.jpg,0
/mnt/c/Users/eddyarias/Sovos/Sovos-Per-Emp/TIC/DataTIC/ISIC-images//ISIC_0056579.jpg,0
/mnt/c/Users/eddyarias/Sovos/Sovos-Per-Emp/TIC/DataTIC/ISIC-images//ISIC_0055513.jpg,1
/mnt/c/Users/eddyarias/Sovos/Sovos-Per-Emp/TIC/DataTIC/ISIC-images//ISIC_0069938.jpg,1
/mnt/c/Users/eddyarias/Sovos/Sovos-Per-Emp/TIC/DataTIC/ISIC-images//ISIC_0070455.jpg,1
/mnt/c/Users/eddyarias/Sovos/Sovos-Per-Emp/TIC/DataTIC/ISIC-images//ISIC_0065386.jpg,1
/mnt/c/Users/eddyarias/Sovos/Sovos-Per-Emp/TIC/DataTIC/ISIC-images//ISIC_0057289.jpg,0
/mnt/c/Users/eddyarias/Sovos/Sovos-Per-Emp/TIC/DataTIC/ISIC-images//ISIC_0062062.jpg,0
/mnt/c/Users/eddyarias/Sovos/Sovos-Per-Emp/TIC/DataTIC/ISIC-images//ISIC_0058426.jpg,1
/mnt/c/Users/eddyarias/Sovos/Sovos-Per-Emp/TIC/DataTIC/ISIC-images//ISIC_0068681.jpg,0
/mnt/c/Users/eddyarias/Sovos/Sovos-Per-Emp/TIC/DataTIC/ISIC-images//ISIC_0058172.jpg,1
/mnt/c/Users/eddyarias/Sovos/Sovos-Per-Emp/TIC/DataTIC/ISIC-images//ISIC_0071364.jpg,1
/mnt/c/Users/eddyarias/Sovos/Sovos-Per-Emp/TIC/DataTIC/ISIC-images//ISIC_0067443.jpg,1
/mnt/c/Users/eddyarias/Sovos/Sovos-Per-Emp/TIC/DataTIC/ISIC-images//ISIC_0060806.jpg,0
/mnt/c/Users/eddyarias/Sovos/Sovos-Per-Emp/TIC/DataTIC/ISIC-images//ISIC_0058135.jpg,1
/mnt/c/Users/eddyarias/Sovos/Sovos-Per-Emp/TIC/DataTIC/ISIC-images//ISIC_0055483.jpg,1
/mnt/c/Users/eddyarias/Sovos/Sovos-Per-Emp/TIC/DataTIC/ISIC-images//ISIC_0068389.jpg,0
/mnt/c/Users/eddyarias/Sovos/Sovos-Per-Emp/TIC/DataTIC/ISIC-images//ISIC_0054671.jpg,1
/mnt/c/Users/eddyarias/Sovos/Sovos-Per-Emp/TIC/DataTIC/ISIC-images//ISIC_0056658.jpg,1
/mnt/c/Users/eddyarias/Sovos/Sovos-Per-Emp/TIC/DataTIC/ISIC-images//ISIC_0061877.jpg,1
/mnt/c/Users/eddyarias/Sovos/Sovos-Per-Emp/TIC/DataTIC/ISIC-images//ISIC_0062833.jpg,1
/mnt/c/Users/eddyarias/Sovos/Sovos-Per-Emp/TIC/DataTIC/ISIC-images//ISIC_0066579.jpg,0
/mnt/c/Users/eddyarias/Sovos/Sovos-Per-Emp/TIC/DataTIC/ISIC-images//ISIC_0069750.jpg,0
/mnt/c/Users/eddyarias/Sovos/Sovos-Per-Emp/TIC/DataTIC/ISIC-images//ISIC_0055944.jpg,1
/mnt/c/Users/eddyarias/Sovos/Sovos-Per-Emp/TIC/DataTIC/ISIC-images//ISIC_0055984.jpg,1
/mnt/c/Users/eddyarias/Sovos/Sovos-Per-Emp/TIC/DataTIC/ISIC-images//ISIC_0053829.jpg,1
/mnt/c/Users/eddyarias/Sovos/Sovos-Per-Emp/TIC/DataTIC/ISIC-images//ISIC_0063479.jpg,1
/mnt/c/Users/eddyarias/Sovos/Sovos-Per-Emp/TIC/DataTIC/ISIC-images//ISIC_0054715.jpg,0
/mnt/c/Users/eddyarias/Sovos/Sovos-Per-Emp/TIC/DataTIC/ISIC-images//ISIC_0063204.jpg,0
/mnt/c/Users/eddyarias/Sovos/Sovos-Per-Emp/TIC/DataTIC/ISIC-images//ISIC_0057704.jpg,1
/mnt/c/Users/eddyarias/Sovos/Sovos-Per-Emp/TIC/DataTIC/ISIC-images//ISIC_0054647.jpg,1
/mnt/c/Users/eddyarias/Sovos/Sovos-Per-Emp/TIC/DataTIC/ISIC-images//ISIC_0059816.jpg,1
/mnt/c/Users/eddyarias/Sovos/Sovos-Per-Emp/TIC/DataTIC/ISIC-images//ISIC_0054615.jpg,1
/mnt/c/Users/eddyarias/Sovos/Sovos-Per-Emp/TIC/DataTIC/ISIC-images//ISIC_0056687.jpg,0
/mnt/c/Users/eddyarias/Sovos/Sovos-Per-Emp/TIC/DataTIC/ISIC-images//ISIC_0053509.jpg,1
/mnt/c/Users/eddyarias/Sovos/Sovos-Per-Emp/TIC/DataTIC/ISIC-images//ISIC_0059199.jpg,1
/mnt/c/Users/eddyarias/Sovos/Sovos-Per-Emp/TIC/DataTIC/ISIC-images//ISIC_0065128.jpg,1
/mnt/c/Users/eddyarias/Sovos/Sovos-Per-Emp/TIC/DataTIC/ISIC-images//ISIC_0057836.jpg,0
/mnt/c/Users/eddyarias/Sovos/Sovos-Per-Emp/TIC/DataTIC/ISIC-images//ISIC_0057223.jpg,0
/mnt/c/Users/eddyarias/Sovos/Sovos-Per-Emp/TIC/DataTIC/ISIC-images//ISIC_0070757.jpg,1
/mnt/c/Users/eddyarias/Sovos/Sovos-Per-Emp/TIC/DataTIC/ISIC-images//ISIC_0058252.jpg,1
/mnt/c/Users/eddyarias/Sovos/Sovos-Per-Emp/TIC/DataTIC/ISIC-images//ISIC_0059978.jpg,1
/mnt/c/Users/eddyarias/Sovos/Sovos-Per-Emp/TIC/DataTIC/ISIC-images//ISIC_0065057.jpg,1
/mnt/c/Users/eddyarias/Sovos/Sovos-Per-Emp/TIC/DataTIC/ISIC-images//ISIC_0059923.jpg,0
/mnt/c/Users/eddyarias/Sovos/Sovos-Per-Emp/TIC/DataTIC/ISIC-images//ISIC_0070835.jpg,0
/mnt/c/Users/eddyarias/Sovos/Sovos-Per-Emp/TIC/DataTIC/ISIC-images//ISIC_0063756.jpg,1
/mnt/c/Users/eddyarias/Sovos/Sovos-Per-Emp/TIC/DataTIC/ISIC-images//ISIC_0059373.jpg,0
/mnt/c/Users/eddyarias/Sovos/Sovos-Per-Emp/TIC/DataTIC/ISIC-images//ISIC_0059068.jpg,0
/mnt/c/Users/eddyarias/Sovos/Sovos-Per-Emp/TIC/DataTIC/ISIC-images//ISIC_0060750.jpg,1
/mnt/c/Users/eddyarias/Sovos/Sovos-Per-Emp/TIC/DataTIC/ISIC-images//ISIC_0069471.jpg,0
/mnt/c/Users/eddyarias/Sovos/Sovos-Per-Emp/TIC/DataTIC/ISIC-images//ISIC_0072873.jpg,1
/mnt/c/Users/eddyarias/Sovos/Sovos-Per-Emp/TIC/DataTIC/ISIC-images//ISIC_0069288.jpg,0
/mnt/c/Users/eddyarias/Sovos/Sovos-Per-Emp/TIC/DataTIC/ISIC-images//ISIC_0054992.jpg,1
/mnt/c/Users/eddyarias/Sovos/Sovos-Per-Emp/TIC/DataTIC/ISIC-images//ISIC_0066554.jpg,1
/mnt/c/Users/eddyarias/Sovos/Sovos-Per-Emp/TIC/DataTIC/ISIC-images//ISIC_0057366.jpg,0
/mnt/c/Users/eddyarias/Sovos/Sovos-Per-Emp/TIC/DataTIC/ISIC-images//ISIC_0056634.jpg,1
/mnt/c/Users/eddyarias/Sovos/Sovos-Per-Emp/TIC/DataTIC/ISIC-images//ISIC_0058215.jpg,0
/mnt/c/Users/eddyarias/Sovos/Sovos-Per-Emp/TIC/DataTIC/ISIC-images//ISIC_0058723.jpg,1
/mnt/c/Users/eddyarias/Sovos/Sovos-Per-Emp/TIC/DataTIC/ISIC-images//ISIC_0072012.jpg,0
/mnt/c/Users/eddyarias/Sovos/Sovos-Per-Emp/TIC/DataTIC/ISIC-images//ISIC_0058236.jpg,0
/mnt/c/Users/eddyarias/Sovos/Sovos-Per-Emp/TIC/DataTIC/ISIC-images//ISIC_0064380.jpg,0
/mnt/c/Users/eddyarias/Sovos/Sovos-Per-Emp/TIC/DataTIC/ISIC-images//ISIC_0062809.jpg,1
/mnt/c/Users/eddyarias/Sovos/Sovos-Per-Emp/TIC/DataTIC/ISIC-images//ISIC_0060218.jpg,1
/mnt/c/Users/eddyarias/Sovos/Sovos-Per-Emp/TIC/DataTIC/ISIC-images//ISIC_0067047.jpg,1
/mnt/c/Users/eddyarias/Sovos/Sovos-Per-Emp/TIC/DataTIC/ISIC-images//ISIC_0071526.jpg,0
/mnt/c/Users/eddyarias/Sovos/Sovos-Per-Emp/TIC/DataTIC/ISIC-images//ISIC_0069181.jpg,1
/mnt/c/Users/eddyarias/Sovos/Sovos-Per-Emp/TIC/DataTIC/ISIC-images//ISIC_0065121.jpg,1
/mnt/c/Users/eddyarias/Sovos/Sovos-Per-Emp/TIC/DataTIC/ISIC-images//ISIC_0058016.jpg,1
/mnt/c/Users/eddyarias/Sovos/Sovos-Per-Emp/TIC/DataTIC/ISIC-images//ISIC_0053639.jpg,0
/mnt/c/Users/eddyarias/Sovos/Sovos-Per-Emp/TIC/DataTIC/ISIC-images//ISIC_0062449.jpg,1
/mnt/c/Users/eddyarias/Sovos/Sovos-Per-Emp/TIC/DataTIC/ISIC-images//ISIC_0060293.jpg,1
/mnt/c/Users/eddyarias/Sovos/Sovos-Per-Emp/TIC/DataTIC/ISIC-images//ISIC_0061456.jpg,1
/mnt/c/Users/eddyarias/Sovos/Sovos-Per-Emp/TIC/DataTIC/ISIC-images//ISIC_0070353.jpg,0
/mnt/c/Users/eddyarias/Sovos/Sovos-Per-Emp/TIC/DataTIC/ISIC-images//ISIC_0053971.jpg,1
/mnt/c/Users/eddyarias/Sovos/Sovos-Per-Emp/TIC/DataTIC/ISIC-images//ISIC_0055438.jpg,1
/mnt/c/Users/eddyarias/Sovos/Sovos-Per-Emp/TIC/DataTIC/ISIC-images//ISIC_0059225.jpg,0
/mnt/c/Users/eddyarias/Sovos/Sovos-Per-Emp/TIC/DataTIC/ISIC-images//ISIC_0060519.jpg,1
/mnt/c/Users/eddyarias/Sovos/Sovos-Per-Emp/TIC/DataTIC/ISIC-images//ISIC_0068856.jpg,1
/mnt/c/Users/eddyarias/Sovos/Sovos-Per-Emp/TIC/DataTIC/ISIC-images//ISIC_0061076.jpg,1
/mnt/c/Users/eddyarias/Sovos/Sovos-Per-Emp/TIC/DataTIC/ISIC-images//ISIC_0067098.jpg,1
/mnt/c/Users/eddyarias/Sovos/Sovos-Per-Emp/TIC/DataTIC/ISIC-images//ISIC_0060906.jpg,1
/mnt/c/Users/eddyarias/Sovos/Sovos-Per-Emp/TIC/DataTIC/ISIC-images//ISIC_0055492.jpg,1
/mnt/c/Users/eddyarias/Sovos/Sovos-Per-Emp/TIC/DataTIC/ISIC-images//ISIC_0063039.jpg,0
/mnt/c/Users/eddyarias/Sovos/Sovos-Per-Emp/TIC/DataTIC/ISIC-images//ISIC_0062450.jpg,1
/mnt/c/Users/eddyarias/Sovos/Sovos-Per-Emp/TIC/DataTIC/ISIC-images//ISIC_0067190.jpg,1
/mnt/c/Users/eddyarias/Sovos/Sovos-Per-Emp/TIC/DataTIC/ISIC-images//ISIC_0071324.jpg,1
/mnt/c/Users/eddyarias/Sovos/Sovos-Per-Emp/TIC/DataTIC/ISIC-images//ISIC_0072149.jpg,0
/mnt/c/Users/eddyarias/Sovos/Sovos-Per-Emp/TIC/DataTIC/ISIC-images//ISIC_0054536.jpg,1
/mnt/c/Users/eddyarias/Sovos/Sovos-Per-Emp/TIC/DataTIC/ISIC-images//ISIC_0059478.jpg,1
/mnt/c/Users/eddyarias/Sovos/Sovos-Per-Emp/TIC/DataTIC/ISIC-images//ISIC_0067603.jpg,0
/mnt/c/Users/eddyarias/Sovos/Sovos-Per-Emp/TIC/DataTIC/ISIC-images//ISIC_0060143.jpg,1
/mnt/c/Users/eddyarias/Sovos/Sovos-Per-Emp/TIC/DataTIC/ISIC-images//ISIC_0071359.jpg,0
/mnt/c/Users/eddyarias/Sovos/Sovos-Per-Emp/TIC/DataTIC/ISIC-images//ISIC_0073039.jpg,0
/mnt/c/Users/eddyarias/Sovos/Sovos-Per-Emp/TIC/DataTIC/ISIC-images//ISIC_0063094.jpg,1
/mnt/c/Users/eddyarias/Sovos/Sovos-Per-Emp/TIC/DataTIC/ISIC-images//ISIC_0062709.jpg,1
/mnt/c/Users/eddyarias/Sovos/Sovos-Per-Emp/TIC/DataTIC/ISIC-images//ISIC_0061861.jpg,1
/mnt/c/Users/eddyarias/Sovos/Sovos-Per-Emp/TIC/DataTIC/ISIC-images//ISIC_0064283.jpg,0
/mnt/c/Users/eddyarias/Sovos/Sovos-Per-Emp/TIC/DataTIC/ISIC-images//ISIC_0070928.jpg,0
/mnt/c/Users/eddyarias/Sovos/Sovos-Per-Emp/TIC/DataTIC/ISIC-images//ISIC_0054502.jpg,0
/mnt/c/Users/eddyarias/Sovos/Sovos-Per-Emp/TIC/DataTIC/ISIC-images//ISIC_0070190.jpg,1
/mnt/c/Users/eddyarias/Sovos/Sovos-Per-Emp/TIC/DataTIC/ISIC-images//ISIC_0060063.jpg,1
/mnt/c/Users/eddyarias/Sovos/Sovos-Per-Emp/TIC/DataTIC/ISIC-images//ISIC_0054468.jpg,0
/mnt/c/Users/eddyarias/Sovos/Sovos-Per-Emp/TIC/DataTIC/ISIC-images//ISIC_0059815.jpg,1
/mnt/c/Users/eddyarias/Sovos/Sovos-Per-Emp/TIC/DataTIC/ISIC-images//ISIC_0070446.jpg,1
/mnt/c/Users/eddyarias/Sovos/Sovos-Per-Emp/TIC/DataTIC/ISIC-images//ISIC_0059329.jpg,1
/mnt/c/Users/eddyarias/Sovos/Sovos-Per-Emp/TIC/DataTIC/ISIC-images//ISIC_0056668.jpg,0
/mnt/c/Users/eddyarias/Sovos/Sovos-Per-Emp/TIC/DataTIC/ISIC-images//ISIC_0058839.jpg,1
/mnt/c/Users/eddyarias/Sovos/Sovos-Per-Emp/TIC/DataTIC/ISIC-images//ISIC_0056105.jpg,1
/mnt/c/Users/eddyarias/Sovos/Sovos-Per-Emp/TIC/DataTIC/ISIC-images//ISIC_0070809.jpg,1
/mnt/c/Users/eddyarias/Sovos/Sovos-Per-Emp/TIC/DataTIC/ISIC-images//ISIC_0063653.jpg,0
/mnt/c/Users/eddyarias/Sovos/Sovos-Per-Emp/TIC/DataTIC/ISIC-images//ISIC_0061627.jpg,0
/mnt/c/Users/eddyarias/Sovos/Sovos-Per-Emp/TIC/DataTIC/ISIC-images//ISIC_0055240.jpg,0
/mnt/c/Users/eddyarias/Sovos/Sovos-Per-Emp/TIC/DataTIC/ISIC-images//ISIC_0066448.jpg,1
/mnt/c/Users/eddyarias/Sovos/Sovos-Per-Emp/TIC/DataTIC/ISIC-images//ISIC_0072174.jpg,1
/mnt/c/Users/eddyarias/Sovos/Sovos-Per-Emp/TIC/DataTIC/ISIC-images//ISIC_0067147.jpg,1
/mnt/c/Users/eddyarias/Sovos/Sovos-Per-Emp/TIC/DataTIC/ISIC-images//ISIC_0059286.jpg,1
/mnt/c/Users/eddyarias/Sovos/Sovos-Per-Emp/TIC/DataTIC/ISIC-images//ISIC_0060469.jpg,0
/mnt/c/Users/eddyarias/Sovos/Sovos-Per-Emp/TIC/DataTIC/ISIC-images//ISIC_0063742.jpg,1
/mnt/c/Users/eddyarias/Sovos/Sovos-Per-Emp/TIC/DataTIC/ISIC-images//ISIC_0055315.jpg,0
/mnt/c/Users/eddyarias/Sovos/Sovos-Per-Emp/TIC/DataTIC/ISIC-images//ISIC_0058278.jpg,1
/mnt/c/Users/eddyarias/Sovos/Sovos-Per-Emp/TIC/DataTIC/ISIC-images//ISIC_0068489.jpg,1
/mnt/c/Users/eddyarias/Sovos/Sovos-Per-Emp/TIC/DataTIC/ISIC-images//ISIC_0072078.jpg,1
/mnt/c/Users/eddyarias/Sovos/Sovos-Per-Emp/TIC/DataTIC/ISIC-images//ISIC_0062845.jpg,1
/mnt/c/Users/eddyarias/Sovos/Sovos-Per-Emp/TIC/DataTIC/ISIC-images//ISIC_0069620.jpg,1
/mnt/c/Users/eddyarias/Sovos/Sovos-Per-Emp/TIC/DataTIC/ISIC-images//ISIC_0072836.jpg,0
/mnt/c/Users/eddyarias/Sovos/Sovos-Per-Emp/TIC/DataTIC/ISIC-images//ISIC_0064249.jpg,0
/mnt/c/Users/eddyarias/Sovos/Sovos-Per-Emp/TIC/DataTIC/ISIC-images//ISIC_0058953.jpg,0
/mnt/c/Users/eddyarias/Sovos/Sovos-Per-Emp/TIC/DataTIC/ISIC-images//ISIC_0065110.jpg,1
/mnt/c/Users/eddyarias/Sovos/Sovos-Per-Emp/TIC/DataTIC/ISIC-images//ISIC_0059266.jpg,0
/mnt/c/Users/eddyarias/Sovos/Sovos-Per-Emp/TIC/DataTIC/ISIC-images//ISIC_0064450.jpg,1
/mnt/c/Users/eddyarias/Sovos/Sovos-Per-Emp/TIC/DataTIC/ISIC-images//ISIC_0071905.jpg,1
/mnt/c/Users/eddyarias/Sovos/Sovos-Per-Emp/TIC/DataTIC/ISIC-images//ISIC_0071376.jpg,0
/mnt/c/Users/eddyarias/Sovos/Sovos-Per-Emp/TIC/DataTIC/ISIC-images//ISIC_0056280.jpg,0
/mnt/c/Users/eddyarias/Sovos/Sovos-Per-Emp/TIC/DataTIC/ISIC-images//ISIC_0062240.jpg,1
/mnt/c/Users/eddyarias/Sovos/Sovos-Per-Emp/TIC/DataTIC/ISIC-images//ISIC_0061943.jpg,0
/mnt/c/Users/eddyarias/Sovos/Sovos-Per-Emp/TIC/DataTIC/ISIC-images//ISIC_0055141.jpg,1
/mnt/c/Users/eddyarias/Sovos/Sovos-Per-Emp/TIC/DataTIC/ISIC-images//ISIC_0055105.jpg,1
/mnt/c/Users/eddyarias/Sovos/Sovos-Per-Emp/TIC/DataTIC/ISIC-images//ISIC_0068984.jpg,1
/mnt/c/Users/eddyarias/Sovos/Sovos-Per-Emp/TIC/DataTIC/ISIC-images//ISIC_0066701.jpg,1
/mnt/c/Users/eddyarias/Sovos/Sovos-Per-Emp/TIC/DataTIC/ISIC-images//ISIC_0056602.jpg,1
/mnt/c/Users/eddyarias/Sovos/Sovos-Per-Emp/TIC/DataTIC/ISIC-images//ISIC_0071460.jpg,0
/mnt/c/Users/eddyarias/Sovos/Sovos-Per-Emp/TIC/DataTIC/ISIC-images//ISIC_0071863.jpg,0
/mnt/c/Users/eddyarias/Sovos/Sovos-Per-Emp/TIC/DataTIC/ISIC-images//ISIC_0062182.jpg,1
/mnt/c/Users/eddyarias/Sovos/Sovos-Per-Emp/TIC/DataTIC/ISIC-images//ISIC_0067796.jpg,0
/mnt/c/Users/eddyarias/Sovos/Sovos-Per-Emp/TIC/DataTIC/ISIC-images//ISIC_0065747.jpg,0
/mnt/c/Users/eddyarias/Sovos/Sovos-Per-Emp/TIC/DataTIC/ISIC-images//ISIC_0072475.jpg,0
/mnt/c/Users/eddyarias/Sovos/Sovos-Per-Emp/TIC/DataTIC/ISIC-images//ISIC_0058238.jpg,1
/mnt/c/Users/eddyarias/Sovos/Sovos-Per-Emp/TIC/DataTIC/ISIC-images//ISIC_0068414.jpg,0
/mnt/c/Users/eddyarias/Sovos/Sovos-Per-Emp/TIC/DataTIC/ISIC-images//ISIC_0056498.jpg,1
/mnt/c/Users/eddyarias/Sovos/Sovos-Per-Emp/TIC/DataTIC/ISIC-images//ISIC_0061648.jpg,0
/mnt/c/Users/eddyarias/Sovos/Sovos-Per-Emp/TIC/DataTIC/ISIC-images//ISIC_0068073.jpg,1
/mnt/c/Users/eddyarias/Sovos/Sovos-Per-Emp/TIC/DataTIC/ISIC-images//ISIC_0061646.jpg,0
/mnt/c/Users/eddyarias/Sovos/Sovos-Per-Emp/TIC/DataTIC/ISIC-images//ISIC_0070191.jpg,1
/mnt/c/Users/eddyarias/Sovos/Sovos-Per-Emp/TIC/DataTIC/ISIC-images//ISIC_0062616.jpg,0
/mnt/c/Users/eddyarias/Sovos/Sovos-Per-Emp/TIC/DataTIC/ISIC-images//ISIC_0061818.jpg,0
/mnt/c/Users/eddyarias/Sovos/Sovos-Per-Emp/TIC/DataTIC/ISIC-images//ISIC_0065065.jpg,0
/mnt/c/Users/eddyarias/Sovos/Sovos-Per-Emp/TIC/DataTIC/ISIC-images//ISIC_0054061.jpg,1
/mnt/c/Users/eddyarias/Sovos/Sovos-Per-Emp/TIC/DataTIC/ISIC-images//ISIC_0063929.jpg,0
/mnt/c/Users/eddyarias/Sovos/Sovos-Per-Emp/TIC/DataTIC/ISIC-images//ISIC_0064956.jpg,0
/mnt/c/Users/eddyarias/Sovos/Sovos-Per-Emp/TIC/DataTIC/ISIC-images//ISIC_0056666.jpg,1
/mnt/c/Users/eddyarias/Sovos/Sovos-Per-Emp/TIC/DataTIC/ISIC-images//ISIC_0064389.jpg,0
/mnt/c/Users/eddyarias/Sovos/Sovos-Per-Emp/TIC/DataTIC/ISIC-images//ISIC_0071140.jpg,0
/mnt/c/Users/eddyarias/Sovos/Sovos-Per-Emp/TIC/DataTIC/ISIC-images//ISIC_0055537.jpg,0
/mnt/c/Users/eddyarias/Sovos/Sovos-Per-Emp/TIC/DataTIC/ISIC-images//ISIC_0060450.jpg,1
/mnt/c/Users/eddyarias/Sovos/Sovos-Per-Emp/TIC/DataTIC/ISIC-images//ISIC_0059443.jpg,1
/mnt/c/Users/eddyarias/Sovos/Sovos-Per-Emp/TIC/DataTIC/ISIC-images//ISIC_0055648.jpg,1
/mnt/c/Users/eddyarias/Sovos/Sovos-Per-Emp/TIC/DataTIC/ISIC-images//ISIC_0062657.jpg,1
/mnt/c/Users/eddyarias/Sovos/Sovos-Per-Emp/TIC/DataTIC/ISIC-images//ISIC_0067359.jpg,1
/mnt/c/Users/eddyarias/Sovos/Sovos-Per-Emp/TIC/DataTIC/ISIC-images//ISIC_0066478.jpg,1
/mnt/c/Users/eddyarias/Sovos/Sovos-Per-Emp/TIC/DataTIC/ISIC-images//ISIC_0056573.jpg,1
/mnt/c/Users/eddyarias/Sovos/Sovos-Per-Emp/TIC/DataTIC/ISIC-images//ISIC_0063483.jpg,0
/mnt/c/Users/eddyarias/Sovos/Sovos-Per-Emp/TIC/DataTIC/ISIC-images//ISIC_0067648.jpg,0
/mnt/c/Users/eddyarias/Sovos/Sovos-Per-Emp/TIC/DataTIC/ISIC-images//ISIC_0059740.jpg,1
/mnt/c/Users/eddyarias/Sovos/Sovos-Per-Emp/TIC/DataTIC/ISIC-images//ISIC_0055864.jpg,0
/mnt/c/Users/eddyarias/Sovos/Sovos-Per-Emp/TIC/DataTIC/ISIC-images//ISIC_0060908.jpg,1
/mnt/c/Users/eddyarias/Sovos/Sovos-Per-Emp/TIC/DataTIC/ISIC-images//ISIC_0056231.jpg,0
/mnt/c/Users/eddyarias/Sovos/Sovos-Per-Emp/TIC/DataTIC/ISIC-images//ISIC_0056467.jpg,0
/mnt/c/Users/eddyarias/Sovos/Sovos-Per-Emp/TIC/DataTIC/ISIC-images//ISIC_0062835.jpg,0
/mnt/c/Users/eddyarias/Sovos/Sovos-Per-Emp/TIC/DataTIC/ISIC-images//ISIC_0064578.jpg,1
/mnt/c/Users/eddyarias/Sovos/Sovos-Per-Emp/TIC/DataTIC/ISIC-images//ISIC_0066671.jpg,1
/mnt/c/Users/eddyarias/Sovos/Sovos-Per-Emp/TIC/DataTIC/ISIC-images//ISIC_0060035.jpg,1
/mnt/c/Users/eddyarias/Sovos/Sovos-Per-Emp/TIC/DataTIC/ISIC-images//ISIC_0061982.jpg,1
/mnt/c/Users/eddyarias/Sovos/Sovos-Per-Emp/TIC/DataTIC/ISIC-images//ISIC_0069354.jpg,0
/mnt/c/Users/eddyarias/Sovos/Sovos-Per-Emp/TIC/DataTIC/ISIC-images//ISIC_0064747.jpg,1
/mnt/c/Users/eddyarias/Sovos/Sovos-Per-Emp/TIC/DataTIC/ISIC-images//ISIC_0071198.jpg,1
/mnt/c/Users/eddyarias/Sovos/Sovos-Per-Emp/TIC/DataTIC/ISIC-images//ISIC_0060031.jpg,1
/mnt/c/Users/eddyarias/Sovos/Sovos-Per-Emp/TIC/DataTIC/ISIC-images//ISIC_0054193.jpg,1
/mnt/c/Users/eddyarias/Sovos/Sovos-Per-Emp/TIC/DataTIC/ISIC-images//ISIC_0060714.jpg,0
/mnt/c/Users/eddyarias/Sovos/Sovos-Per-Emp/TIC/DataTIC/ISIC-images//ISIC_0058964.jpg,1
/mnt/c/Users/eddyarias/Sovos/Sovos-Per-Emp/TIC/DataTIC/ISIC-images//ISIC_0069023.jpg,1
/mnt/c/Users/eddyarias/Sovos/Sovos-Per-Emp/TIC/DataTIC/ISIC-images//ISIC_0056393.jpg,0
/mnt/c/Users/eddyarias/Sovos/Sovos-Per-Emp/TIC/DataTIC/ISIC-images//ISIC_0065805.jpg,1
/mnt/c/Users/eddyarias/Sovos/Sovos-Per-Emp/TIC/DataTIC/ISIC-images//ISIC_0061436.jpg,1
/mnt/c/Users/eddyarias/Sovos/Sovos-Per-Emp/TIC/DataTIC/ISIC-images//ISIC_0062605.jpg,0
/mnt/c/Users/eddyarias/Sovos/Sovos-Per-Emp/TIC/DataTIC/ISIC-images//ISIC_0068850.jpg,1
/mnt/c/Users/eddyarias/Sovos/Sovos-Per-Emp/TIC/DataTIC/ISIC-images//ISIC_0059563.jpg,1
/mnt/c/Users/eddyarias/Sovos/Sovos-Per-Emp/TIC/DataTIC/ISIC-images//ISIC_0068485.jpg,0
/mnt/c/Users/eddyarias/Sovos/Sovos-Per-Emp/TIC/DataTIC/ISIC-images//ISIC_0058830.jpg,0
/mnt/c/Users/eddyarias/Sovos/Sovos-Per-Emp/TIC/DataTIC/ISIC-images//ISIC_0058998.jpg,0
/mnt/c/Users/eddyarias/Sovos/Sovos-Per-Emp/TIC/DataTIC/ISIC-images//ISIC_0064036.jpg,0
/mnt/c/Users/eddyarias/Sovos/Sovos-Per-Emp/TIC/DataTIC/ISIC-images//ISIC_0057946.jpg,0
/mnt/c/Users/eddyarias/Sovos/Sovos-Per-Emp/TIC/DataTIC/ISIC-images//ISIC_0072542.jpg,1
/mnt/c/Users/eddyarias/Sovos/Sovos-Per-Emp/TIC/DataTIC/ISIC-images//ISIC_0066623.jpg,1
/mnt/c/Users/eddyarias/Sovos/Sovos-Per-Emp/TIC/DataTIC/ISIC-images//ISIC_0061057.jpg,1
/mnt/c/Users/eddyarias/Sovos/Sovos-Per-Emp/TIC/DataTIC/ISIC-images//ISIC_0060861.jpg,0
/mnt/c/Users/eddyarias/Sovos/Sovos-Per-Emp/TIC/DataTIC/ISIC-images//ISIC_0062547.jpg,1
/mnt/c/Users/eddyarias/Sovos/Sovos-Per-Emp/TIC/DataTIC/ISIC-images//ISIC_0062171.jpg,1
/mnt/c/Users/eddyarias/Sovos/Sovos-Per-Emp/TIC/DataTIC/ISIC-images//ISIC_0056886.jpg,1
/mnt/c/Users/eddyarias/Sovos/Sovos-Per-Emp/TIC/DataTIC/ISIC-images//ISIC_0054855.jpg,0
/mnt/c/Users/eddyarias/Sovos/Sovos-Per-Emp/TIC/DataTIC/ISIC-images//ISIC_0072912.jpg,1
/mnt/c/Users/eddyarias/Sovos/Sovos-Per-Emp/TIC/DataTIC/ISIC-images//ISIC_0066687.jpg,0
/mnt/c/Users/eddyarias/Sovos/Sovos-Per-Emp/TIC/DataTIC/ISIC-images//ISIC_0072183.jpg,0
/mnt/c/Users/eddyarias/Sovos/Sovos-Per-Emp/TIC/DataTIC/ISIC-images//ISIC_0065800.jpg,0
/mnt/c/Users/eddyarias/Sovos/Sovos-Per-Emp/TIC/DataTIC/ISIC-images//ISIC_0071414.jpg,1
/mnt/c/Users/eddyarias/Sovos/Sovos-Per-Emp/TIC/DataTIC/ISIC-images//ISIC_0055302.jpg,1
/mnt/c/Users/eddyarias/Sovos/Sovos-Per-Emp/TIC/DataTIC/ISIC-images//ISIC_0054521.jpg,0
/mnt/c/Users/eddyarias/Sovos/Sovos-Per-Emp/TIC/DataTIC/ISIC-images//ISIC_0062434.jpg,1
/mnt/c/Users/eddyarias/Sovos/Sovos-Per-Emp/TIC/DataTIC/ISIC-images//ISIC_0055463.jpg,0
/mnt/c/Users/eddyarias/Sovos/Sovos-Per-Emp/TIC/DataTIC/ISIC-images//ISIC_0055472.jpg,0
/mnt/c/Users/eddyarias/Sovos/Sovos-Per-Emp/TIC/DataTIC/ISIC-images//ISIC_0054991.jpg,1
/mnt/c/Users/eddyarias/Sovos/Sovos-Per-Emp/TIC/DataTIC/ISIC-images//ISIC_0060219.jpg,1
/mnt/c/Users/eddyarias/Sovos/Sovos-Per-Emp/TIC/DataTIC/ISIC-images//ISIC_0060338.jpg,1
/mnt/c/Users/eddyarias/Sovos/Sovos-Per-Emp/TIC/DataTIC/ISIC-images//ISIC_0064344.jpg,1
/mnt/c/Users/eddyarias/Sovos/Sovos-Per-Emp/TIC/DataTIC/ISIC-images//ISIC_0064349.jpg,1
/mnt/c/Users/eddyarias/Sovos/Sovos-Per-Emp/TIC/DataTIC/ISIC-images//ISIC_0057784.jpg,0
/mnt/c/Users/eddyarias/Sovos/Sovos-Per-Emp/TIC/DataTIC/ISIC-images//ISIC_0069816.jpg,0
/mnt/c/Users/eddyarias/Sovos/Sovos-Per-Emp/TIC/DataTIC/ISIC-images//ISIC_0056257.jpg,0
/mnt/c/Users/eddyarias/Sovos/Sovos-Per-Emp/TIC/DataTIC/ISIC-images//ISIC_0057277.jpg,0
/mnt/c/Users/eddyarias/Sovos/Sovos-Per-Emp/TIC/DataTIC/ISIC-images//ISIC_0067534.jpg,1
/mnt/c/Users/eddyarias/Sovos/Sovos-Per-Emp/TIC/DataTIC/ISIC-images//ISIC_0066918.jpg,1
/mnt/c/Users/eddyarias/Sovos/Sovos-Per-Emp/TIC/DataTIC/ISIC-images//ISIC_0067242.jpg,0
/mnt/c/Users/eddyarias/Sovos/Sovos-Per-Emp/TIC/DataTIC/ISIC-images//ISIC_0064861.jpg,0
/mnt/c/Users/eddyarias/Sovos/Sovos-Per-Emp/TIC/DataTIC/ISIC-images//ISIC_0062471.jpg,1
/mnt/c/Users/eddyarias/Sovos/Sovos-Per-Emp/TIC/DataTIC/ISIC-images//ISIC_0069267.jpg,1
/mnt/c/Users/eddyarias/Sovos/Sovos-Per-Emp/TIC/DataTIC/ISIC-images//ISIC_0064576.jpg,0
/mnt/c/Users/eddyarias/Sovos/Sovos-Per-Emp/TIC/DataTIC/ISIC-images//ISIC_0068247.jpg,1
/mnt/c/Users/eddyarias/Sovos/Sovos-Per-Emp/TIC/DataTIC/ISIC-images//ISIC_0053520.jpg,1
/mnt/c/Users/eddyarias/Sovos/Sovos-Per-Emp/TIC/DataTIC/ISIC-images//ISIC_0067350.jpg,1
/mnt/c/Users/eddyarias/Sovos/Sovos-Per-Emp/TIC/DataTIC/ISIC-images//ISIC_0062991.jpg,1
/mnt/c/Users/eddyarias/Sovos/Sovos-Per-Emp/TIC/DataTIC/ISIC-images//ISIC_0066769.jpg,1
/mnt/c/Users/eddyarias/Sovos/Sovos-Per-Emp/TIC/DataTIC/ISIC-images//ISIC_0053661.jpg,0
/mnt/c/Users/eddyarias/Sovos/Sovos-Per-Emp/TIC/DataTIC/ISIC-images//ISIC_0055448.jpg,0
/mnt/c/Users/eddyarias/Sovos/Sovos-Per-Emp/TIC/DataTIC/ISIC-images//ISIC_0071448.jpg,1
/mnt/c/Users/eddyarias/Sovos/Sovos-Per-Emp/TIC/DataTIC/ISIC-images//ISIC_0055001.jpg,1
/mnt/c/Users/eddyarias/Sovos/Sovos-Per-Emp/TIC/DataTIC/ISIC-images//ISIC_0071433.jpg,1
/mnt/c/Users/eddyarias/Sovos/Sovos-Per-Emp/TIC/DataTIC/ISIC-images//ISIC_0059716.jpg,0
/mnt/c/Users/eddyarias/Sovos/Sovos-Per-Emp/TIC/DataTIC/ISIC-images//ISIC_0070298.jpg,0
/mnt/c/Users/eddyarias/Sovos/Sovos-Per-Emp/TIC/DataTIC/ISIC-images//ISIC_0067852.jpg,0
/mnt/c/Users/eddyarias/Sovos/Sovos-Per-Emp/TIC/DataTIC/ISIC-images//ISIC_0063870.jpg,1
/mnt/c/Users/eddyarias/Sovos/Sovos-Per-Emp/TIC/DataTIC/ISIC-images//ISIC_0056859.jpg,1
/mnt/c/Users/eddyarias/Sovos/Sovos-Per-Emp/TIC/DataTIC/ISIC-images//ISIC_0059366.jpg,1
/mnt/c/Users/eddyarias/Sovos/Sovos-Per-Emp/TIC/DataTIC/ISIC-images//ISIC_0053817.jpg,1
/mnt/c/Users/eddyarias/Sovos/Sovos-Per-Emp/TIC/DataTIC/ISIC-images//ISIC_0059592.jpg,1
/mnt/c/Users/eddyarias/Sovos/Sovos-Per-Emp/TIC/DataTIC/ISIC-images//ISIC_0058362.jpg,1
/mnt/c/Users/eddyarias/Sovos/Sovos-Per-Emp/TIC/DataTIC/ISIC-images//ISIC_0063434.jpg,0
/mnt/c/Users/eddyarias/Sovos/Sovos-Per-Emp/TIC/DataTIC/ISIC-images//ISIC_0072178.jpg,1
/mnt/c/Users/eddyarias/Sovos/Sovos-Per-Emp/TIC/DataTIC/ISIC-images//ISIC_0057108.jpg,0
/mnt/c/Users/eddyarias/Sovos/Sovos-Per-Emp/TIC/DataTIC/ISIC-images//ISIC_0070935.jpg,1
/mnt/c/Users/eddyarias/Sovos/Sovos-Per-Emp/TIC/DataTIC/ISIC-images//ISIC_0068008.jpg,0
/mnt/c/Users/eddyarias/Sovos/Sovos-Per-Emp/TIC/DataTIC/ISIC-images//ISIC_0058736.jpg,0
/mnt/c/Users/eddyarias/Sovos/Sovos-Per-Emp/TIC/DataTIC/ISIC-images//ISIC_0069806.jpg,0
/mnt/c/Users/eddyarias/Sovos/Sovos-Per-Emp/TIC/DataTIC/ISIC-images//ISIC_0065017.jpg,0
/mnt/c/Users/eddyarias/Sovos/Sovos-Per-Emp/TIC/DataTIC/ISIC-images//ISIC_0069632.jpg,0
/mnt/c/Users/eddyarias/Sovos/Sovos-Per-Emp/TIC/DataTIC/ISIC-images//ISIC_0070133.jpg,0
/mnt/c/Users/eddyarias/Sovos/Sovos-Per-Emp/TIC/DataTIC/ISIC-images//ISIC_0073100.jpg,0
/mnt/c/Users/eddyarias/Sovos/Sovos-Per-Emp/TIC/DataTIC/ISIC-images//ISIC_0072924.jpg,1
/mnt/c/Users/eddyarias/Sovos/Sovos-Per-Emp/TIC/DataTIC/ISIC-images//ISIC_0055439.jpg,1
/mnt/c/Users/eddyarias/Sovos/Sovos-Per-Emp/TIC/DataTIC/ISIC-images//ISIC_0057036.jpg,0
/mnt/c/Users/eddyarias/Sovos/Sovos-Per-Emp/TIC/DataTIC/ISIC-images//ISIC_0063997.jpg,0
/mnt/c/Users/eddyarias/Sovos/Sovos-Per-Emp/TIC/DataTIC/ISIC-images//ISIC_0066517.jpg,1
/mnt/c/Users/eddyarias/Sovos/Sovos-Per-Emp/TIC/DataTIC/ISIC-images//ISIC_0071061.jpg,1
/mnt/c/Users/eddyarias/Sovos/Sovos-Per-Emp/TIC/DataTIC/ISIC-images//ISIC_0067863.jpg,0
/mnt/c/Users/eddyarias/Sovos/Sovos-Per-Emp/TIC/DataTIC/ISIC-images//ISIC_0063158.jpg,1
/mnt/c/Users/eddyarias/Sovos/Sovos-Per-Emp/TIC/DataTIC/ISIC-images//ISIC_0063838.jpg,0
/mnt/c/Users/eddyarias/Sovos/Sovos-Per-Emp/TIC/DataTIC/ISIC-images//ISIC_0062898.jpg,0
/mnt/c/Users/eddyarias/Sovos/Sovos-Per-Emp/TIC/DataTIC/ISIC-images//ISIC_0068261.jpg,0
/mnt/c/Users/eddyarias/Sovos/Sovos-Per-Emp/TIC/DataTIC/ISIC-images//ISIC_0073036.jpg,0
/mnt/c/Users/eddyarias/Sovos/Sovos-Per-Emp/TIC/DataTIC/ISIC-images//ISIC_0056119.jpg,1
/mnt/c/Users/eddyarias/Sovos/Sovos-Per-Emp/TIC/DataTIC/ISIC-images//ISIC_0059297.jpg,1
/mnt/c/Users/eddyarias/Sovos/Sovos-Per-Emp/TIC/DataTIC/ISIC-images//ISIC_0063668.jpg,1
/mnt/c/Users/eddyarias/Sovos/Sovos-Per-Emp/TIC/DataTIC/ISIC-images//ISIC_0071159.jpg,0
/mnt/c/Users/eddyarias/Sovos/Sovos-Per-Emp/TIC/DataTIC/ISIC-images//ISIC_0069413.jpg,0
/mnt/c/Users/eddyarias/Sovos/Sovos-Per-Emp/TIC/DataTIC/ISIC-images//ISIC_0058240.jpg,1
/mnt/c/Users/eddyarias/Sovos/Sovos-Per-Emp/TIC/DataTIC/ISIC-images//ISIC_0067289.jpg,1
/mnt/c/Users/eddyarias/Sovos/Sovos-Per-Emp/TIC/DataTIC/ISIC-images//ISIC_0072896.jpg,1
/mnt/c/Users/eddyarias/Sovos/Sovos-Per-Emp/TIC/DataTIC/ISIC-images//ISIC_0067964.jpg,0
/mnt/c/Users/eddyarias/Sovos/Sovos-Per-Emp/TIC/DataTIC/ISIC-images//ISIC_0054898.jpg,0
/mnt/c/Users/eddyarias/Sovos/Sovos-Per-Emp/TIC/DataTIC/ISIC-images//ISIC_0066460.jpg,1
/mnt/c/Users/eddyarias/Sovos/Sovos-Per-Emp/TIC/DataTIC/ISIC-images//ISIC_0072529.jpg,0
/mnt/c/Users/eddyarias/Sovos/Sovos-Per-Emp/TIC/DataTIC/ISIC-images//ISIC_0065797.jpg,1
/mnt/c/Users/eddyarias/Sovos/Sovos-Per-Emp/TIC/DataTIC/ISIC-images//ISIC_0070206.jpg,1
/mnt/c/Users/eddyarias/Sovos/Sovos-Per-Emp/TIC/DataTIC/ISIC-images//ISIC_0053805.jpg,0
/mnt/c/Users/eddyarias/Sovos/Sovos-Per-Emp/TIC/DataTIC/ISIC-images//ISIC_0070508.jpg,0
/mnt/c/Users/eddyarias/Sovos/Sovos-Per-Emp/TIC/DataTIC/ISIC-images//ISIC_0061989.jpg,1
/mnt/c/Users/eddyarias/Sovos/Sovos-Per-Emp/TIC/DataTIC/ISIC-images//ISIC_0073136.jpg,1
/mnt/c/Users/eddyarias/Sovos/Sovos-Per-Emp/TIC/DataTIC/ISIC-images//ISIC_0060602.jpg,1
/mnt/c/Users/eddyarias/Sovos/Sovos-Per-Emp/TIC/DataTIC/ISIC-images//ISIC_0062160.jpg,1
/mnt/c/Users/eddyarias/Sovos/Sovos-Per-Emp/TIC/DataTIC/ISIC-images//ISIC_0057839.jpg,1
/mnt/c/Users/eddyarias/Sovos/Sovos-Per-Emp/TIC/DataTIC/ISIC-images//ISIC_0054055.jpg,1
/mnt/c/Users/eddyarias/Sovos/Sovos-Per-Emp/TIC/DataTIC/ISIC-images//ISIC_0053685.jpg,1
/mnt/c/Users/eddyarias/Sovos/Sovos-Per-Emp/TIC/DataTIC/ISIC-images//ISIC_0062480.jpg,1
/mnt/c/Users/eddyarias/Sovos/Sovos-Per-Emp/TIC/DataTIC/ISIC-images//ISIC_0061699.jpg,1
/mnt/c/Users/eddyarias/Sovos/Sovos-Per-Emp/TIC/DataTIC/ISIC-images//ISIC_0071122.jpg,1
/mnt/c/Users/eddyarias/Sovos/Sovos-Per-Emp/TIC/DataTIC/ISIC-images//ISIC_0069849.jpg,0
/mnt/c/Users/eddyarias/Sovos/Sovos-Per-Emp/TIC/DataTIC/ISIC-images//ISIC_0064443.jpg,1
/mnt/c/Users/eddyarias/Sovos/Sovos-Per-Emp/TIC/DataTIC/ISIC-images//ISIC_0067398.jpg,0
/mnt/c/Users/eddyarias/Sovos/Sovos-Per-Emp/TIC/DataTIC/ISIC-images//ISIC_0069393.jpg,0
/mnt/c/Users/eddyarias/Sovos/Sovos-Per-Emp/TIC/DataTIC/ISIC-images//ISIC_0070429.jpg,1
/mnt/c/Users/eddyarias/Sovos/Sovos-Per-Emp/TIC/DataTIC/ISIC-images//ISIC_0063738.jpg,1
/mnt/c/Users/eddyarias/Sovos/Sovos-Per-Emp/TIC/DataTIC/ISIC-images//ISIC_0064485.jpg,0
/mnt/c/Users/eddyarias/Sovos/Sovos-Per-Emp/TIC/DataTIC/ISIC-images//ISIC_0063882.jpg,0
/mnt/c/Users/eddyarias/Sovos/Sovos-Per-Emp/TIC/DataTIC/ISIC-images//ISIC_0064369.jpg,1
/mnt/c/Users/eddyarias/Sovos/Sovos-Per-Emp/TIC/DataTIC/ISIC-images//ISIC_0059272.jpg,1
/mnt/c/Users/eddyarias/Sovos/Sovos-Per-Emp/TIC/DataTIC/ISIC-images//ISIC_0067940.jpg,1
/mnt/c/Users/eddyarias/Sovos/Sovos-Per-Emp/TIC/DataTIC/ISIC-images//ISIC_0067452.jpg,1
/mnt/c/Users/eddyarias/Sovos/Sovos-Per-Emp/TIC/DataTIC/ISIC-images//ISIC_0067089.jpg,1
/mnt/c/Users/eddyarias/Sovos/Sovos-Per-Emp/TIC/DataTIC/ISIC-images//ISIC_0057464.jpg,0
/mnt/c/Users/eddyarias/Sovos/Sovos-Per-Emp/TIC/DataTIC/ISIC-images//ISIC_0065961.jpg,1
/mnt/c/Users/eddyarias/Sovos/Sovos-Per-Emp/TIC/DataTIC/ISIC-images//ISIC_0055359.jpg,1
/mnt/c/Users/eddyarias/Sovos/Sovos-Per-Emp/TIC/DataTIC/ISIC-images//ISIC_0054001.jpg,1
/mnt/c/Users/eddyarias/Sovos/Sovos-Per-Emp/TIC/DataTIC/ISIC-images//ISIC_0060343.jpg,1
/mnt/c/Users/eddyarias/Sovos/Sovos-Per-Emp/TIC/DataTIC/ISIC-images//ISIC_0060270.jpg,1
/mnt/c/Users/eddyarias/Sovos/Sovos-Per-Emp/TIC/DataTIC/ISIC-images//ISIC_0064183.jpg,1
/mnt/c/Users/eddyarias/Sovos/Sovos-Per-Emp/TIC/DataTIC/ISIC-images//ISIC_0065285.jpg,0
/mnt/c/Users/eddyarias/Sovos/Sovos-Per-Emp/TIC/DataTIC/ISIC-images//ISIC_0073143.jpg,1
/mnt/c/Users/eddyarias/Sovos/Sovos-Per-Emp/TIC/DataTIC/ISIC-images//ISIC_0056911.jpg,0
/mnt/c/Users/eddyarias/Sovos/Sovos-Per-Emp/TIC/DataTIC/ISIC-images//ISIC_0065721.jpg,1
/mnt/c/Users/eddyarias/Sovos/Sovos-Per-Emp/TIC/DataTIC/ISIC-images//ISIC_0067124.jpg,0
/mnt/c/Users/eddyarias/Sovos/Sovos-Per-Emp/TIC/DataTIC/ISIC-images//ISIC_0060943.jpg,0
/mnt/c/Users/eddyarias/Sovos/Sovos-Per-Emp/TIC/DataTIC/ISIC-images//ISIC_0071480.jpg,1
/mnt/c/Users/eddyarias/Sovos/Sovos-Per-Emp/TIC/DataTIC/ISIC-images//ISIC_0072357.jpg,0
/mnt/c/Users/eddyarias/Sovos/Sovos-Per-Emp/TIC/DataTIC/ISIC-images//ISIC_0068813.jpg,1
/mnt/c/Users/eddyarias/Sovos/Sovos-Per-Emp/TIC/DataTIC/ISIC-images//ISIC_0057017.jpg,0
/mnt/c/Users/eddyarias/Sovos/Sovos-Per-Emp/TIC/DataTIC/ISIC-images//ISIC_0055859.jpg,1
/mnt/c/Users/eddyarias/Sovos/Sovos-Per-Emp/TIC/DataTIC/ISIC-images//ISIC_0053631.jpg,1
/mnt/c/Users/eddyarias/Sovos/Sovos-Per-Emp/TIC/DataTIC/ISIC-images//ISIC_0057942.jpg,1
/mnt/c/Users/eddyarias/Sovos/Sovos-Per-Emp/TIC/DataTIC/ISIC-images//ISIC_0055903.jpg,0
/mnt/c/Users/eddyarias/Sovos/Sovos-Per-Emp/TIC/DataTIC/ISIC-images//ISIC_0065262.jpg,0
/mnt/c/Users/eddyarias/Sovos/Sovos-Per-Emp/TIC/DataTIC/ISIC-images//ISIC_0060657.jpg,1
/mnt/c/Users/eddyarias/Sovos/Sovos-Per-Emp/TIC/DataTIC/ISIC-images//ISIC_0065837.jpg,0
/mnt/c/Users/eddyarias/Sovos/Sovos-Per-Emp/TIC/DataTIC/ISIC-images//ISIC_0058681.jpg,0
/mnt/c/Users/eddyarias/Sovos/Sovos-Per-Emp/TIC/DataTIC/ISIC-images//ISIC_0057572.jpg,1
/mnt/c/Users/eddyarias/Sovos/Sovos-Per-Emp/TIC/DataTIC/ISIC-images//ISIC_0058088.jpg,1
/mnt/c/Users/eddyarias/Sovos/Sovos-Per-Emp/TIC/DataTIC/ISIC-images//ISIC_0059626.jpg,0
/mnt/c/Users/eddyarias/Sovos/Sovos-Per-Emp/TIC/DataTIC/ISIC-images//ISIC_0059642.jpg,1
/mnt/c/Users/eddyarias/Sovos/Sovos-Per-Emp/TIC/DataTIC/ISIC-images//ISIC_0053502.jpg,1
/mnt/c/Users/eddyarias/Sovos/Sovos-Per-Emp/TIC/DataTIC/ISIC-images//ISIC_0071076.jpg,0
/mnt/c/Users/eddyarias/Sovos/Sovos-Per-Emp/TIC/DataTIC/ISIC-images//ISIC_0060347.jpg,1
/mnt/c/Users/eddyarias/Sovos/Sovos-Per-Emp/TIC/DataTIC/ISIC-images//ISIC_0060233.jpg,1
/mnt/c/Users/eddyarias/Sovos/Sovos-Per-Emp/TIC/DataTIC/ISIC-images//ISIC_0058473.jpg,1
/mnt/c/Users/eddyarias/Sovos/Sovos-Per-Emp/TIC/DataTIC/ISIC-images//ISIC_0068666.jpg,1
/mnt/c/Users/eddyarias/Sovos/Sovos-Per-Emp/TIC/DataTIC/ISIC-images//ISIC_0058348.jpg,1
/mnt/c/Users/eddyarias/Sovos/Sovos-Per-Emp/TIC/DataTIC/ISIC-images//ISIC_0070240.jpg,0
/mnt/c/Users/eddyarias/Sovos/Sovos-Per-Emp/TIC/DataTIC/ISIC-images//ISIC_0063408.jpg,0
/mnt/c/Users/eddyarias/Sovos/Sovos-Per-Emp/TIC/DataTIC/ISIC-images//ISIC_0071537.jpg,1
/mnt/c/Users/eddyarias/Sovos/Sovos-Per-Emp/TIC/DataTIC/ISIC-images//ISIC_0061725.jpg,0
/mnt/c/Users/eddyarias/Sovos/Sovos-Per-Emp/TIC/DataTIC/ISIC-images//ISIC_0065932.jpg,1
/mnt/c/Users/eddyarias/Sovos/Sovos-Per-Emp/TIC/DataTIC/ISIC-images//ISIC_0063205.jpg,1
/mnt/c/Users/eddyarias/Sovos/Sovos-Per-Emp/TIC/DataTIC/ISIC-images//ISIC_0063397.jpg,1
/mnt/c/Users/eddyarias/Sovos/Sovos-Per-Emp/TIC/DataTIC/ISIC-images//ISIC_0065066.jpg,1
/mnt/c/Users/eddyarias/Sovos/Sovos-Per-Emp/TIC/DataTIC/ISIC-images//ISIC_0057076.jpg,0
/mnt/c/Users/eddyarias/Sovos/Sovos-Per-Emp/TIC/DataTIC/ISIC-images//ISIC_0067725.jpg,1
/mnt/c/Users/eddyarias/Sovos/Sovos-Per-Emp/TIC/DataTIC/ISIC-images//ISIC_0072994.jpg,1
/mnt/c/Users/eddyarias/Sovos/Sovos-Per-Emp/TIC/DataTIC/ISIC-images//ISIC_0055340.jpg,1
/mnt/c/Users/eddyarias/Sovos/Sovos-Per-Emp/TIC/DataTIC/ISIC-images//ISIC_0054824.jpg,1
/mnt/c/Users/eddyarias/Sovos/Sovos-Per-Emp/TIC/DataTIC/ISIC-images//ISIC_0056276.jpg,0
/mnt/c/Users/eddyarias/Sovos/Sovos-Per-Emp/TIC/DataTIC/ISIC-images//ISIC_0057405.jpg,0
/mnt/c/Users/eddyarias/Sovos/Sovos-Per-Emp/TIC/DataTIC/ISIC-images//ISIC_0065702.jpg,1
/mnt/c/Users/eddyarias/Sovos/Sovos-Per-Emp/TIC/DataTIC/ISIC-images//ISIC_0063426.jpg,1
/mnt/c/Users/eddyarias/Sovos/Sovos-Per-Emp/TIC/DataTIC/ISIC-images//ISIC_0071644.jpg,0
/mnt/c/Users/eddyarias/Sovos/Sovos-Per-Emp/TIC/DataTIC/ISIC-images//ISIC_0060819.jpg,1
/mnt/c/Users/eddyarias/Sovos/Sovos-Per-Emp/TIC/DataTIC/ISIC-images//ISIC_0059311.jpg,1
/mnt/c/Users/eddyarias/Sovos/Sovos-Per-Emp/TIC/DataTIC/ISIC-images//ISIC_0053888.jpg,0
/mnt/c/Users/eddyarias/Sovos/Sovos-Per-Emp/TIC/DataTIC/ISIC-images//ISIC_0071335.jpg,1
/mnt/c/Users/eddyarias/Sovos/Sovos-Per-Emp/TIC/DataTIC/ISIC-images//ISIC_0071738.jpg,0
/mnt/c/Users/eddyarias/Sovos/Sovos-Per-Emp/TIC/DataTIC/ISIC-images//ISIC_0066934.jpg,0
/mnt/c/Users/eddyarias/Sovos/Sovos-Per-Emp/TIC/DataTIC/ISIC-images//ISIC_0060505.jpg,0
/mnt/c/Users/eddyarias/Sovos/Sovos-Per-Emp/TIC/DataTIC/ISIC-images//ISIC_0065345.jpg,1
/mnt/c/Users/eddyarias/Sovos/Sovos-Per-Emp/TIC/DataTIC/ISIC-images//ISIC_0073001.jpg,0
/mnt/c/Users/eddyarias/Sovos/Sovos-Per-Emp/TIC/DataTIC/ISIC-images//ISIC_0061017.jpg,0
/mnt/c/Users/eddyarias/Sovos/Sovos-Per-Emp/TIC/DataTIC/ISIC-images//ISIC_0065697.jpg,1
/mnt/c/Users/eddyarias/Sovos/Sovos-Per-Emp/TIC/DataTIC/ISIC-images//ISIC_0058302.jpg,0
/mnt/c/Users/eddyarias/Sovos/Sovos-Per-Emp/TIC/DataTIC/ISIC-images//ISIC_0057815.jpg,1
/mnt/c/Users/eddyarias/Sovos/Sovos-Per-Emp/TIC/DataTIC/ISIC-images//ISIC_0073243.jpg,1
/mnt/c/Users/eddyarias/Sovos/Sovos-Per-Emp/TIC/DataTIC/ISIC-images//ISIC_0068167.jpg,1
/mnt/c/Users/eddyarias/Sovos/Sovos-Per-Emp/TIC/DataTIC/ISIC-images//ISIC_0063139.jpg,0
/mnt/c/Users/eddyarias/Sovos/Sovos-Per-Emp/TIC/DataTIC/ISIC-images//ISIC_0065465.jpg,0
/mnt/c/Users/eddyarias/Sovos/Sovos-Per-Emp/TIC/DataTIC/ISIC-images//ISIC_0068825.jpg,0
/mnt/c/Users/eddyarias/Sovos/Sovos-Per-Emp/TIC/DataTIC/ISIC-images//ISIC_0056655.jpg,1
/mnt/c/Users/eddyarias/Sovos/Sovos-Per-Emp/TIC/DataTIC/ISIC-images//ISIC_0058186.jpg,0
/mnt/c/Users/eddyarias/Sovos/Sovos-Per-Emp/TIC/DataTIC/ISIC-images//ISIC_0070062.jpg,1
/mnt/c/Users/eddyarias/Sovos/Sovos-Per-Emp/TIC/DataTIC/ISIC-images//ISIC_0069246.jpg,1
/mnt/c/Users/eddyarias/Sovos/Sovos-Per-Emp/TIC/DataTIC/ISIC-images//ISIC_0064531.jpg,1
/mnt/c/Users/eddyarias/Sovos/Sovos-Per-Emp/TIC/DataTIC/ISIC-images//ISIC_0062486.jpg,0
/mnt/c/Users/eddyarias/Sovos/Sovos-Per-Emp/TIC/DataTIC/ISIC-images//ISIC_0065130.jpg,1
/mnt/c/Users/eddyarias/Sovos/Sovos-Per-Emp/TIC/DataTIC/ISIC-images//ISIC_0057513.jpg,0
/mnt/c/Users/eddyarias/Sovos/Sovos-Per-Emp/TIC/DataTIC/ISIC-images//ISIC_0064513.jpg,0
/mnt/c/Users/eddyarias/Sovos/Sovos-Per-Emp/TIC/DataTIC/ISIC-images//ISIC_0063976.jpg,0
/mnt/c/Users/eddyarias/Sovos/Sovos-Per-Emp/TIC/DataTIC/ISIC-images//ISIC_0061155.jpg,1
/mnt/c/Users/eddyarias/Sovos/Sovos-Per-Emp/TIC/DataTIC/ISIC-images//ISIC_0066102.jpg,1
/mnt/c/Users/eddyarias/Sovos/Sovos-Per-Emp/TIC/DataTIC/ISIC-images//ISIC_0057481.jpg,0
/mnt/c/Users/eddyarias/Sovos/Sovos-Per-Emp/TIC/DataTIC/ISIC-images//ISIC_0063441.jpg,0
/mnt/c/Users/eddyarias/Sovos/Sovos-Per-Emp/TIC/DataTIC/ISIC-images//ISIC_0056555.jpg,0
/mnt/c/Users/eddyarias/Sovos/Sovos-Per-Emp/TIC/DataTIC/ISIC-images//ISIC_0053789.jpg,1
/mnt/c/Users/eddyarias/Sovos/Sovos-Per-Emp/TIC/DataTIC/ISIC-images//ISIC_0058812.jpg,0
/mnt/c/Users/eddyarias/Sovos/Sovos-Per-Emp/TIC/DataTIC/ISIC-images//ISIC_0061566.jpg,1
/mnt/c/Users/eddyarias/Sovos/Sovos-Per-Emp/TIC/DataTIC/ISIC-images//ISIC_0063981.jpg,1
/mnt/c/Users/eddyarias/Sovos/Sovos-Per-Emp/TIC/DataTIC/ISIC-images//ISIC_0060289.jpg,0
/mnt/c/Users/eddyarias/Sovos/Sovos-Per-Emp/TIC/DataTIC/ISIC-images//ISIC_0061713.jpg,1
/mnt/c/Users/eddyarias/Sovos/Sovos-Per-Emp/TIC/DataTIC/ISIC-images//ISIC_0067982.jpg,1
/mnt/c/Users/eddyarias/Sovos/Sovos-Per-Emp/TIC/DataTIC/ISIC-images//ISIC_0063638.jpg,1
/mnt/c/Users/eddyarias/Sovos/Sovos-Per-Emp/TIC/DataTIC/ISIC-images//ISIC_0072631.jpg,1
/mnt/c/Users/eddyarias/Sovos/Sovos-Per-Emp/TIC/DataTIC/ISIC-images//ISIC_0064010.jpg,1
/mnt/c/Users/eddyarias/Sovos/Sovos-Per-Emp/TIC/DataTIC/ISIC-images//ISIC_0066338.jpg,1
/mnt/c/Users/eddyarias/Sovos/Sovos-Per-Emp/TIC/DataTIC/ISIC-images//ISIC_0055045.jpg,0
/mnt/c/Users/eddyarias/Sovos/Sovos-Per-Emp/TIC/DataTIC/ISIC-images//ISIC_0064165.jpg,0
/mnt/c/Users/eddyarias/Sovos/Sovos-Per-Emp/TIC/DataTIC/ISIC-images//ISIC_0064422.jpg,1
/mnt/c/Users/eddyarias/Sovos/Sovos-Per-Emp/TIC/DataTIC/ISIC-images//ISIC_0059936.jpg,1
/mnt/c/Users/eddyarias/Sovos/Sovos-Per-Emp/TIC/DataTIC/ISIC-images//ISIC_0063454.jpg,0
/mnt/c/Users/eddyarias/Sovos/Sovos-Per-Emp/TIC/DataTIC/ISIC-images//ISIC_0071947.jpg,0
/mnt/c/Users/eddyarias/Sovos/Sovos-Per-Emp/TIC/DataTIC/ISIC-images//ISIC_0069571.jpg,0
/mnt/c/Users/eddyarias/Sovos/Sovos-Per-Emp/TIC/DataTIC/ISIC-images//ISIC_0055166.jpg,0
/mnt/c/Users/eddyarias/Sovos/Sovos-Per-Emp/TIC/DataTIC/ISIC-images//ISIC_0053943.jpg,1
/mnt/c/Users/eddyarias/Sovos/Sovos-Per-Emp/TIC/DataTIC/ISIC-images//ISIC_0055429.jpg,0
/mnt/c/Users/eddyarias/Sovos/Sovos-Per-Emp/TIC/DataTIC/ISIC-images//ISIC_0068148.jpg,1
/mnt/c/Users/eddyarias/Sovos/Sovos-Per-Emp/TIC/DataTIC/ISIC-images//ISIC_0068590.jpg,1
/mnt/c/Users/eddyarias/Sovos/Sovos-Per-Emp/TIC/DataTIC/ISIC-images//ISIC_0072202.jpg,0
/mnt/c/Users/eddyarias/Sovos/Sovos-Per-Emp/TIC/DataTIC/ISIC-images//ISIC_0062453.jpg,1
/mnt/c/Users/eddyarias/Sovos/Sovos-Per-Emp/TIC/DataTIC/ISIC-images//ISIC_0071119.jpg,1
/mnt/c/Users/eddyarias/Sovos/Sovos-Per-Emp/TIC/DataTIC/ISIC-images//ISIC_0062915.jpg,1
/mnt/c/Users/eddyarias/Sovos/Sovos-Per-Emp/TIC/DataTIC/ISIC-images//ISIC_0062068.jpg,0
/mnt/c/Users/eddyarias/Sovos/Sovos-Per-Emp/TIC/DataTIC/ISIC-images//ISIC_0058600.jpg,0
/mnt/c/Users/eddyarias/Sovos/Sovos-Per-Emp/TIC/DataTIC/ISIC-images//ISIC_0067819.jpg,1
/mnt/c/Users/eddyarias/Sovos/Sovos-Per-Emp/TIC/DataTIC/ISIC-images//ISIC_0066061.jpg,1
/mnt/c/Users/eddyarias/Sovos/Sovos-Per-Emp/TIC/DataTIC/ISIC-images//ISIC_0063952.jpg,1
/mnt/c/Users/eddyarias/Sovos/Sovos-Per-Emp/TIC/DataTIC/ISIC-images//ISIC_0061106.jpg,1
/mnt/c/Users/eddyarias/Sovos/Sovos-Per-Emp/TIC/DataTIC/ISIC-images//ISIC_0069570.jpg,0
/mnt/c/Users/eddyarias/Sovos/Sovos-Per-Emp/TIC/DataTIC/ISIC-images//ISIC_0056261.jpg,1
/mnt/c/Users/eddyarias/Sovos/Sovos-Per-Emp/TIC/DataTIC/ISIC-images//ISIC_0071334.jpg,0
/mnt/c/Users/eddyarias/Sovos/Sovos-Per-Emp/TIC/DataTIC/ISIC-images//ISIC_0058550.jpg,1
/mnt/c/Users/eddyarias/Sovos/Sovos-Per-Emp/TIC/DataTIC/ISIC-images//ISIC_0057542.jpg,1
/mnt/c/Users/eddyarias/Sovos/Sovos-Per-Emp/TIC/DataTIC/ISIC-images//ISIC_0071756.jpg,1
/mnt/c/Users/eddyarias/Sovos/Sovos-Per-Emp/TIC/DataTIC/ISIC-images//ISIC_0054754.jpg,0
/mnt/c/Users/eddyarias/Sovos/Sovos-Per-Emp/TIC/DataTIC/ISIC-images//ISIC_0060868.jpg,1
/mnt/c/Users/eddyarias/Sovos/Sovos-Per-Emp/TIC/DataTIC/ISIC-images//ISIC_0065974.jpg,1
/mnt/c/Users/eddyarias/Sovos/Sovos-Per-Emp/TIC/DataTIC/ISIC-images//ISIC_0053486.jpg,1
/mnt/c/Users/eddyarias/Sovos/Sovos-Per-Emp/TIC/DataTIC/ISIC-images//ISIC_0060604.jpg,0
/mnt/c/Users/eddyarias/Sovos/Sovos-Per-Emp/TIC/DataTIC/ISIC-images//ISIC_0067836.jpg,1
/mnt/c/Users/eddyarias/Sovos/Sovos-Per-Emp/TIC/DataTIC/ISIC-images//ISIC_0061187.jpg,1
/mnt/c/Users/eddyarias/Sovos/Sovos-Per-Emp/TIC/DataTIC/ISIC-images//ISIC_0072385.jpg,0
/mnt/c/Users/eddyarias/Sovos/Sovos-Per-Emp/TIC/DataTIC/ISIC-images//ISIC_0072587.jpg,0
/mnt/c/Users/eddyarias/Sovos/Sovos-Per-Emp/TIC/DataTIC/ISIC-images//ISIC_0063272.jpg,0
/mnt/c/Users/eddyarias/Sovos/Sovos-Per-Emp/TIC/DataTIC/ISIC-images//ISIC_0063926.jpg,1
/mnt/c/Users/eddyarias/Sovos/Sovos-Per-Emp/TIC/DataTIC/ISIC-images//ISIC_0066896.jpg,0
/mnt/c/Users/eddyarias/Sovos/Sovos-Per-Emp/TIC/DataTIC/ISIC-images//ISIC_0066600.jpg,1
/mnt/c/Users/eddyarias/Sovos/Sovos-Per-Emp/TIC/DataTIC/ISIC-images//ISIC_0056346.jpg,1
/mnt/c/Users/eddyarias/Sovos/Sovos-Per-Emp/TIC/DataTIC/ISIC-images//ISIC_0053962.jpg,0
/mnt/c/Users/eddyarias/Sovos/Sovos-Per-Emp/TIC/DataTIC/ISIC-images//ISIC_0065229.jpg,1
/mnt/c/Users/eddyarias/Sovos/Sovos-Per-Emp/TIC/DataTIC/ISIC-images//ISIC_0069382.jpg,1
/mnt/c/Users/eddyarias/Sovos/Sovos-Per-Emp/TIC/DataTIC/ISIC-images//ISIC_0062704.jpg,0
/mnt/c/Users/eddyarias/Sovos/Sovos-Per-Emp/TIC/DataTIC/ISIC-images//ISIC_0061829.jpg,1
/mnt/c/Users/eddyarias/Sovos/Sovos-Per-Emp/TIC/DataTIC/ISIC-images//ISIC_0059112.jpg,0
/mnt/c/Users/eddyarias/Sovos/Sovos-Per-Emp/TIC/DataTIC/ISIC-images//ISIC_0055349.jpg,1
/mnt/c/Users/eddyarias/Sovos/Sovos-Per-Emp/TIC/DataTIC/ISIC-images//ISIC_0065472.jpg,1
/mnt/c/Users/eddyarias/Sovos/Sovos-Per-Emp/TIC/DataTIC/ISIC-images//ISIC_0054976.jpg,1
/mnt/c/Users/eddyarias/Sovos/Sovos-Per-Emp/TIC/DataTIC/ISIC-images//ISIC_0053761.jpg,1
/mnt/c/Users/eddyarias/Sovos/Sovos-Per-Emp/TIC/DataTIC/ISIC-images//ISIC_0069371.jpg,0
/mnt/c/Users/eddyarias/Sovos/Sovos-Per-Emp/TIC/DataTIC/ISIC-images//ISIC_0059801.jpg,1
/mnt/c/Users/eddyarias/Sovos/Sovos-Per-Emp/TIC/DataTIC/ISIC-images//ISIC_0067973.jpg,1
/mnt/c/Users/eddyarias/Sovos/Sovos-Per-Emp/TIC/DataTIC/ISIC-images//ISIC_0056946.jpg,0
/mnt/c/Users/eddyarias/Sovos/Sovos-Per-Emp/TIC/DataTIC/ISIC-images//ISIC_0073082.jpg,1
/mnt/c/Users/eddyarias/Sovos/Sovos-Per-Emp/TIC/DataTIC/ISIC-images//ISIC_0058228.jpg,0
/mnt/c/Users/eddyarias/Sovos/Sovos-Per-Emp/TIC/DataTIC/ISIC-images//ISIC_0064483.jpg,1
/mnt/c/Users/eddyarias/Sovos/Sovos-Per-Emp/TIC/DataTIC/ISIC-images//ISIC_0063916.jpg,0
/mnt/c/Users/eddyarias/Sovos/Sovos-Per-Emp/TIC/DataTIC/ISIC-images//ISIC_0054462.jpg,1
/mnt/c/Users/eddyarias/Sovos/Sovos-Per-Emp/TIC/DataTIC/ISIC-images//ISIC_0073126.jpg,0
/mnt/c/Users/eddyarias/Sovos/Sovos-Per-Emp/TIC/DataTIC/ISIC-images//ISIC_0055625.jpg,0
/mnt/c/Users/eddyarias/Sovos/Sovos-Per-Emp/TIC/DataTIC/ISIC-images//ISIC_0066678.jpg,1
/mnt/c/Users/eddyarias/Sovos/Sovos-Per-Emp/TIC/DataTIC/ISIC-images//ISIC_0059934.jpg,1
/mnt/c/Users/eddyarias/Sovos/Sovos-Per-Emp/TIC/DataTIC/ISIC-images//ISIC_0060968.jpg,1
/mnt/c/Users/eddyarias/Sovos/Sovos-Per-Emp/TIC/DataTIC/ISIC-images//ISIC_0065909.jpg,0
/mnt/c/Users/eddyarias/Sovos/Sovos-Per-Emp/TIC/DataTIC/ISIC-images//ISIC_0064984.jpg,0
/mnt/c/Users/eddyarias/Sovos/Sovos-Per-Emp/TIC/DataTIC/ISIC-images//ISIC_0057111.jpg,1
/mnt/c/Users/eddyarias/Sovos/Sovos-Per-Emp/TIC/DataTIC/ISIC-images//ISIC_0065843.jpg,1
/mnt/c/Users/eddyarias/Sovos/Sovos-Per-Emp/TIC/DataTIC/ISIC-images//ISIC_0067779.jpg,0
/mnt/c/Users/eddyarias/Sovos/Sovos-Per-Emp/TIC/DataTIC/ISIC-images//ISIC_0054203.jpg,0
/mnt/c/Users/eddyarias/Sovos/Sovos-Per-Emp/TIC/DataTIC/ISIC-images//ISIC_0056798.jpg,0
/mnt/c/Users/eddyarias/Sovos/Sovos-Per-Emp/TIC/DataTIC/ISIC-images//ISIC_0062882.jpg,1
/mnt/c/Users/eddyarias/Sovos/Sovos-Per-Emp/TIC/DataTIC/ISIC-images//ISIC_0064932.jpg,0
/mnt/c/Users/eddyarias/Sovos/Sovos-Per-Emp/TIC/DataTIC/ISIC-images//ISIC_0070081.jpg,1
/mnt/c/Users/eddyarias/Sovos/Sovos-Per-Emp/TIC/DataTIC/ISIC-images//ISIC_0060820.jpg,0
/mnt/c/Users/eddyarias/Sovos/Sovos-Per-Emp/TIC/DataTIC/ISIC-images//ISIC_0062498.jpg,0
/mnt/c/Users/eddyarias/Sovos/Sovos-Per-Emp/TIC/DataTIC/ISIC-images//ISIC_0071574.jpg,0
/mnt/c/Users/eddyarias/Sovos/Sovos-Per-Emp/TIC/DataTIC/ISIC-images//ISIC_0064918.jpg,0
/mnt/c/Users/eddyarias/Sovos/Sovos-Per-Emp/TIC/DataTIC/ISIC-images//ISIC_0068540.jpg,0
/mnt/c/Users/eddyarias/Sovos/Sovos-Per-Emp/TIC/DataTIC/ISIC-images//ISIC_0056225.jpg,1
/mnt/c/Users/eddyarias/Sovos/Sovos-Per-Emp/TIC/DataTIC/ISIC-images//ISIC_0059226.jpg,1
/mnt/c/Users/eddyarias/Sovos/Sovos-Per-Emp/TIC/DataTIC/ISIC-images//ISIC_0061717.jpg,0
/mnt/c/Users/eddyarias/Sovos/Sovos-Per-Emp/TIC/DataTIC/ISIC-images//ISIC_0055401.jpg,1
/mnt/c/Users/eddyarias/Sovos/Sovos-Per-Emp/TIC/DataTIC/ISIC-images//ISIC_0053920.jpg,0
/mnt/c/Users/eddyarias/Sovos/Sovos-Per-Emp/TIC/DataTIC/ISIC-images//ISIC_0066609.jpg,1
/mnt/c/Users/eddyarias/Sovos/Sovos-Per-Emp/TIC/DataTIC/ISIC-images//ISIC_0071177.jpg,0
/mnt/c/Users/eddyarias/Sovos/Sovos-Per-Emp/TIC/DataTIC/ISIC-images//ISIC_0065439.jpg,0
/mnt/c/Users/eddyarias/Sovos/Sovos-Per-Emp/TIC/DataTIC/ISIC-images//ISIC_0072453.jpg,1
/mnt/c/Users/eddyarias/Sovos/Sovos-Per-Emp/TIC/DataTIC/ISIC-images//ISIC_0055051.jpg,1
/mnt/c/Users/eddyarias/Sovos/Sovos-Per-Emp/TIC/DataTIC/ISIC-images//ISIC_0059692.jpg,1
/mnt/c/Users/eddyarias/Sovos/Sovos-Per-Emp/TIC/DataTIC/ISIC-images//ISIC_0067657.jpg,0
/mnt/c/Users/eddyarias/Sovos/Sovos-Per-Emp/TIC/DataTIC/ISIC-images//ISIC_0057596.jpg,1
/mnt/c/Users/eddyarias/Sovos/Sovos-Per-Emp/TIC/DataTIC/ISIC-images//ISIC_0060614.jpg,1
/mnt/c/Users/eddyarias/Sovos/Sovos-Per-Emp/TIC/DataTIC/ISIC-images//ISIC_0068075.jpg,0
/mnt/c/Users/eddyarias/Sovos/Sovos-Per-Emp/TIC/DataTIC/ISIC-images//ISIC_0072548.jpg,1
/mnt/c/Users/eddyarias/Sovos/Sovos-Per-Emp/TIC/DataTIC/ISIC-images//ISIC_0061789.jpg,0
/mnt/c/Users/eddyarias/Sovos/Sovos-Per-Emp/TIC/DataTIC/ISIC-images//ISIC_0055860.jpg,0
/mnt/c/Users/eddyarias/Sovos/Sovos-Per-Emp/TIC/DataTIC/ISIC-images//ISIC_0071778.jpg,1
/mnt/c/Users/eddyarias/Sovos/Sovos-Per-Emp/TIC/DataTIC/ISIC-images//ISIC_0069376.jpg,0
/mnt/c/Users/eddyarias/Sovos/Sovos-Per-Emp/TIC/DataTIC/ISIC-images//ISIC_0057095.jpg,0
/mnt/c/Users/eddyarias/Sovos/Sovos-Per-Emp/TIC/DataTIC/ISIC-images//ISIC_0070604.jpg,1
/mnt/c/Users/eddyarias/Sovos/Sovos-Per-Emp/TIC/DataTIC/ISIC-images//ISIC_0069143.jpg,0
/mnt/c/Users/eddyarias/Sovos/Sovos-Per-Emp/TIC/DataTIC/ISIC-images//ISIC_0054252.jpg,1
/mnt/c/Users/eddyarias/Sovos/Sovos-Per-Emp/TIC/DataTIC/ISIC-images//ISIC_0062347.jpg,1
/mnt/c/Users/eddyarias/Sovos/Sovos-Per-Emp/TIC/DataTIC/ISIC-images//ISIC_0060101.jpg,1
/mnt/c/Users/eddyarias/Sovos/Sovos-Per-Emp/TIC/DataTIC/ISIC-images//ISIC_0072123.jpg,0
/mnt/c/Users/eddyarias/Sovos/Sovos-Per-Emp/TIC/DataTIC/ISIC-images//ISIC_0053845.jpg,0
/mnt/c/Users/eddyarias/Sovos/Sovos-Per-Emp/TIC/DataTIC/ISIC-images//ISIC_0057599.jpg,0
/mnt/c/Users/eddyarias/Sovos/Sovos-Per-Emp/TIC/DataTIC/ISIC-images//ISIC_0071911.jpg,0
/mnt/c/Users/eddyarias/Sovos/Sovos-Per-Emp/TIC/DataTIC/ISIC-images//ISIC_0054437.jpg,0
/mnt/c/Users/eddyarias/Sovos/Sovos-Per-Emp/TIC/DataTIC/ISIC-images//ISIC_0066219.jpg,1
/mnt/c/Users/eddyarias/Sovos/Sovos-Per-Emp/TIC/DataTIC/ISIC-images//ISIC_0061218.jpg,1
/mnt/c/Users/eddyarias/Sovos/Sovos-Per-Emp/TIC/DataTIC/ISIC-images//ISIC_0056382.jpg,1
/mnt/c/Users/eddyarias/Sovos/Sovos-Per-Emp/TIC/DataTIC/ISIC-images//ISIC_0055122.jpg,0
/mnt/c/Users/eddyarias/Sovos/Sovos-Per-Emp/TIC/DataTIC/ISIC-images//ISIC_0066148.jpg,1
/mnt/c/Users/eddyarias/Sovos/Sovos-Per-Emp/TIC/DataTIC/ISIC-images//ISIC_0063447.jpg,1
/mnt/c/Users/eddyarias/Sovos/Sovos-Per-Emp/TIC/DataTIC/ISIC-images//ISIC_0055048.jpg,1
/mnt/c/Users/eddyarias/Sovos/Sovos-Per-Emp/TIC/DataTIC/ISIC-images//ISIC_0055181.jpg,1
/mnt/c/Users/eddyarias/Sovos/Sovos-Per-Emp/TIC/DataTIC/ISIC-images//ISIC_0056702.jpg,1
/mnt/c/Users/eddyarias/Sovos/Sovos-Per-Emp/TIC/DataTIC/ISIC-images//ISIC_0066014.jpg,1
/mnt/c/Users/eddyarias/Sovos/Sovos-Per-Emp/TIC/DataTIC/ISIC-images//ISIC_0061674.jpg,0
/mnt/c/Users/eddyarias/Sovos/Sovos-Per-Emp/TIC/DataTIC/ISIC-images//ISIC_0072919.jpg,0
/mnt/c/Users/eddyarias/Sovos/Sovos-Per-Emp/TIC/DataTIC/ISIC-images//ISIC_0056036.jpg,1
/mnt/c/Users/eddyarias/Sovos/Sovos-Per-Emp/TIC/DataTIC/ISIC-images//ISIC_0056545.jpg,0
/mnt/c/Users/eddyarias/Sovos/Sovos-Per-Emp/TIC/DataTIC/ISIC-images//ISIC_0053946.jpg,1
/mnt/c/Users/eddyarias/Sovos/Sovos-Per-Emp/TIC/DataTIC/ISIC-images//ISIC_0056765.jpg,0
/mnt/c/Users/eddyarias/Sovos/Sovos-Per-Emp/TIC/DataTIC/ISIC-images//ISIC_0064421.jpg,0
/mnt/c/Users/eddyarias/Sovos/Sovos-Per-Emp/TIC/DataTIC/ISIC-images//ISIC_0066593.jpg,1
/mnt/c/Users/eddyarias/Sovos/Sovos-Per-Emp/TIC/DataTIC/ISIC-images//ISIC_0054786.jpg,0
/mnt/c/Users/eddyarias/Sovos/Sovos-Per-Emp/TIC/DataTIC/ISIC-images//ISIC_0070372.jpg,1
/mnt/c/Users/eddyarias/Sovos/Sovos-Per-Emp/TIC/DataTIC/ISIC-images//ISIC_0069969.jpg,0
/mnt/c/Users/eddyarias/Sovos/Sovos-Per-Emp/TIC/DataTIC/ISIC-images//ISIC_0072257.jpg,0
/mnt/c/Users/eddyarias/Sovos/Sovos-Per-Emp/TIC/DataTIC/ISIC-images//ISIC_0063804.jpg,0
/mnt/c/Users/eddyarias/Sovos/Sovos-Per-Emp/TIC/DataTIC/ISIC-images//ISIC_0060892.jpg,1
/mnt/c/Users/eddyarias/Sovos/Sovos-Per-Emp/TIC/DataTIC/ISIC-images//ISIC_0060153.jpg,1
/mnt/c/Users/eddyarias/Sovos/Sovos-Per-Emp/TIC/DataTIC/ISIC-images//ISIC_0066904.jpg,0
/mnt/c/Users/eddyarias/Sovos/Sovos-Per-Emp/TIC/DataTIC/ISIC-images//ISIC_0057138.jpg,0
/mnt/c/Users/eddyarias/Sovos/Sovos-Per-Emp/TIC/DataTIC/ISIC-images//ISIC_0064833.jpg,1
/mnt/c/Users/eddyarias/Sovos/Sovos-Per-Emp/TIC/DataTIC/ISIC-images//ISIC_0059472.jpg,0
/mnt/c/Users/eddyarias/Sovos/Sovos-Per-Emp/TIC/DataTIC/ISIC-images//ISIC_0060400.jpg,1
/mnt/c/Users/eddyarias/Sovos/Sovos-Per-Emp/TIC/DataTIC/ISIC-images//ISIC_0070418.jpg,1
/mnt/c/Users/eddyarias/Sovos/Sovos-Per-Emp/TIC/DataTIC/ISIC-images//ISIC_0071906.jpg,1
/mnt/c/Users/eddyarias/Sovos/Sovos-Per-Emp/TIC/DataTIC/ISIC-images//ISIC_0067470.jpg,0
/mnt/c/Users/eddyarias/Sovos/Sovos-Per-Emp/TIC/DataTIC/ISIC-images//ISIC_0057793.jpg,0
/mnt/c/Users/eddyarias/Sovos/Sovos-Per-Emp/TIC/DataTIC/ISIC-images//ISIC_0060628.jpg,0
/mnt/c/Users/eddyarias/Sovos/Sovos-Per-Emp/TIC/DataTIC/ISIC-images//ISIC_0058194.jpg,0
/mnt/c/Users/eddyarias/Sovos/Sovos-Per-Emp/TIC/DataTIC/ISIC-images//ISIC_0064554.jpg,0
/mnt/c/Users/eddyarias/Sovos/Sovos-Per-Emp/TIC/DataTIC/ISIC-images//ISIC_0069320.jpg,0
/mnt/c/Users/eddyarias/Sovos/Sovos-Per-Emp/TIC/DataTIC/ISIC-images//ISIC_0057321.jpg,0
/mnt/c/Users/eddyarias/Sovos/Sovos-Per-Emp/TIC/DataTIC/ISIC-images//ISIC_0063994.jpg,1
/mnt/c/Users/eddyarias/Sovos/Sovos-Per-Emp/TIC/DataTIC/ISIC-images//ISIC_0066230.jpg,0
/mnt/c/Users/eddyarias/Sovos/Sovos-Per-Emp/TIC/DataTIC/ISIC-images//ISIC_0053932.jpg,0
/mnt/c/Users/eddyarias/Sovos/Sovos-Per-Emp/TIC/DataTIC/ISIC-images//ISIC_0072600.jpg,0
/mnt/c/Users/eddyarias/Sovos/Sovos-Per-Emp/TIC/DataTIC/ISIC-images//ISIC_0063950.jpg,1
/mnt/c/Users/eddyarias/Sovos/Sovos-Per-Emp/TIC/DataTIC/ISIC-images//ISIC_0066017.jpg,0
/mnt/c/Users/eddyarias/Sovos/Sovos-Per-Emp/TIC/DataTIC/ISIC-images//ISIC_0065809.jpg,0
/mnt/c/Users/eddyarias/Sovos/Sovos-Per-Emp/TIC/DataTIC/ISIC-images//ISIC_0065311.jpg,1
/mnt/c/Users/eddyarias/Sovos/Sovos-Per-Emp/TIC/DataTIC/ISIC-images//ISIC_0071768.jpg,1
/mnt/c/Users/eddyarias/Sovos/Sovos-Per-Emp/TIC/DataTIC/ISIC-images//ISIC_0071622.jpg,0
/mnt/c/Users/eddyarias/Sovos/Sovos-Per-Emp/TIC/DataTIC/ISIC-images//ISIC_0056942.jpg,1
/mnt/c/Users/eddyarias/Sovos/Sovos-Per-Emp/TIC/DataTIC/ISIC-images//ISIC_0065100.jpg,1
/mnt/c/Users/eddyarias/Sovos/Sovos-Per-Emp/TIC/DataTIC/ISIC-images//ISIC_0059362.jpg,1
/mnt/c/Users/eddyarias/Sovos/Sovos-Per-Emp/TIC/DataTIC/ISIC-images//ISIC_0066186.jpg,0
/mnt/c/Users/eddyarias/Sovos/Sovos-Per-Emp/TIC/DataTIC/ISIC-images//ISIC_0072751.jpg,0
/mnt/c/Users/eddyarias/Sovos/Sovos-Per-Emp/TIC/DataTIC/ISIC-images//ISIC_0059674.jpg,0
/mnt/c/Users/eddyarias/Sovos/Sovos-Per-Emp/TIC/DataTIC/ISIC-images//ISIC_0067899.jpg,0
/mnt/c/Users/eddyarias/Sovos/Sovos-Per-Emp/TIC/DataTIC/ISIC-images//ISIC_0056134.jpg,1
/mnt/c/Users/eddyarias/Sovos/Sovos-Per-Emp/TIC/DataTIC/ISIC-images//ISIC_0058760.jpg,1
/mnt/c/Users/eddyarias/Sovos/Sovos-Per-Emp/TIC/DataTIC/ISIC-images//ISIC_0054226.jpg,1
/mnt/c/Users/eddyarias/Sovos/Sovos-Per-Emp/TIC/DataTIC/ISIC-images//ISIC_0056081.jpg,1
/mnt/c/Users/eddyarias/Sovos/Sovos-Per-Emp/TIC/DataTIC/ISIC-images//ISIC_0072077.jpg,1
/mnt/c/Users/eddyarias/Sovos/Sovos-Per-Emp/TIC/DataTIC/ISIC-images//ISIC_0064751.jpg,1
/mnt/c/Users/eddyarias/Sovos/Sovos-Per-Emp/TIC/DataTIC/ISIC-images//ISIC_0056683.jpg,1
/mnt/c/Users/eddyarias/Sovos/Sovos-Per-Emp/TIC/DataTIC/ISIC-images//ISIC_0070663.jpg,1
/mnt/c/Users/eddyarias/Sovos/Sovos-Per-Emp/TIC/DataTIC/ISIC-images//ISIC_0067260.jpg,1
/mnt/c/Users/eddyarias/Sovos/Sovos-Per-Emp/TIC/DataTIC/ISIC-images//ISIC_0060656.jpg,1
/mnt/c/Users/eddyarias/Sovos/Sovos-Per-Emp/TIC/DataTIC/ISIC-images//ISIC_0069716.jpg,1
/mnt/c/Users/eddyarias/Sovos/Sovos-Per-Emp/TIC/DataTIC/ISIC-images//ISIC_0067947.jpg,1
/mnt/c/Users/eddyarias/Sovos/Sovos-Per-Emp/TIC/DataTIC/ISIC-images//ISIC_0059505.jpg,1
/mnt/c/Users/eddyarias/Sovos/Sovos-Per-Emp/TIC/DataTIC/ISIC-images//ISIC_0059022.jpg,0
/mnt/c/Users/eddyarias/Sovos/Sovos-Per-Emp/TIC/DataTIC/ISIC-images//ISIC_0057729.jpg,1
/mnt/c/Users/eddyarias/Sovos/Sovos-Per-Emp/TIC/DataTIC/ISIC-images//ISIC_0060381.jpg,1
/mnt/c/Users/eddyarias/Sovos/Sovos-Per-Emp/TIC/DataTIC/ISIC-images//ISIC_0071580.jpg,1
/mnt/c/Users/eddyarias/Sovos/Sovos-Per-Emp/TIC/DataTIC/ISIC-images//ISIC_0069051.jpg,0
/mnt/c/Users/eddyarias/Sovos/Sovos-Per-Emp/TIC/DataTIC/ISIC-images//ISIC_0063186.jpg,0
/mnt/c/Users/eddyarias/Sovos/Sovos-Per-Emp/TIC/DataTIC/ISIC-images//ISIC_0062336.jpg,1
/mnt/c/Users/eddyarias/Sovos/Sovos-Per-Emp/TIC/DataTIC/ISIC-images//ISIC_0071570.jpg,1
/mnt/c/Users/eddyarias/Sovos/Sovos-Per-Emp/TIC/DataTIC/ISIC-images//ISIC_0062002.jpg,1
/mnt/c/Users/eddyarias/Sovos/Sovos-Per-Emp/TIC/DataTIC/ISIC-images//ISIC_0058406.jpg,0
/mnt/c/Users/eddyarias/Sovos/Sovos-Per-Emp/TIC/DataTIC/ISIC-images//ISIC_0059974.jpg,1
/mnt/c/Users/eddyarias/Sovos/Sovos-Per-Emp/TIC/DataTIC/ISIC-images//ISIC_0059989.jpg,1
/mnt/c/Users/eddyarias/Sovos/Sovos-Per-Emp/TIC/DataTIC/ISIC-images//ISIC_0061473.jpg,1
/mnt/c/Users/eddyarias/Sovos/Sovos-Per-Emp/TIC/DataTIC/ISIC-images//ISIC_0057343.jpg,1
/mnt/c/Users/eddyarias/Sovos/Sovos-Per-Emp/TIC/DataTIC/ISIC-images//ISIC_0062360.jpg,0
/mnt/c/Users/eddyarias/Sovos/Sovos-Per-Emp/TIC/DataTIC/ISIC-images//ISIC_0069704.jpg,0
/mnt/c/Users/eddyarias/Sovos/Sovos-Per-Emp/TIC/DataTIC/ISIC-images//ISIC_0055306.jpg,1
/mnt/c/Users/eddyarias/Sovos/Sovos-Per-Emp/TIC/DataTIC/ISIC-images//ISIC_0071749.jpg,0
/mnt/c/Users/eddyarias/Sovos/Sovos-Per-Emp/TIC/DataTIC/ISIC-images//ISIC_0054110.jpg,1
/mnt/c/Users/eddyarias/Sovos/Sovos-Per-Emp/TIC/DataTIC/ISIC-images//ISIC_0055948.jpg,0
/mnt/c/Users/eddyarias/Sovos/Sovos-Per-Emp/TIC/DataTIC/ISIC-images//ISIC_0055968.jpg,1
/mnt/c/Users/eddyarias/Sovos/Sovos-Per-Emp/TIC/DataTIC/ISIC-images//ISIC_0063931.jpg,1
/mnt/c/Users/eddyarias/Sovos/Sovos-Per-Emp/TIC/DataTIC/ISIC-images//ISIC_0056049.jpg,0
/mnt/c/Users/eddyarias/Sovos/Sovos-Per-Emp/TIC/DataTIC/ISIC-images//ISIC_0069675.jpg,0
/mnt/c/Users/eddyarias/Sovos/Sovos-Per-Emp/TIC/DataTIC/ISIC-images//ISIC_0055071.jpg,1
/mnt/c/Users/eddyarias/Sovos/Sovos-Per-Emp/TIC/DataTIC/ISIC-images//ISIC_0061418.jpg,1
/mnt/c/Users/eddyarias/Sovos/Sovos-Per-Emp/TIC/DataTIC/ISIC-images//ISIC_0067300.jpg,0
/mnt/c/Users/eddyarias/Sovos/Sovos-Per-Emp/TIC/DataTIC/ISIC-images//ISIC_0059064.jpg,1
/mnt/c/Users/eddyarias/Sovos/Sovos-Per-Emp/TIC/DataTIC/ISIC-images//ISIC_0071054.jpg,0
/mnt/c/Users/eddyarias/Sovos/Sovos-Per-Emp/TIC/DataTIC/ISIC-images//ISIC_0073177.jpg,0
/mnt/c/Users/eddyarias/Sovos/Sovos-Per-Emp/TIC/DataTIC/ISIC-images//ISIC_0064990.jpg,1
/mnt/c/Users/eddyarias/Sovos/Sovos-Per-Emp/TIC/DataTIC/ISIC-images//ISIC_0069896.jpg,0
/mnt/c/Users/eddyarias/Sovos/Sovos-Per-Emp/TIC/DataTIC/ISIC-images//ISIC_0067629.jpg,1
/mnt/c/Users/eddyarias/Sovos/Sovos-Per-Emp/TIC/DataTIC/ISIC-images//ISIC_0056139.jpg,1
/mnt/c/Users/eddyarias/Sovos/Sovos-Per-Emp/TIC/DataTIC/ISIC-images//ISIC_0054260.jpg,0
/mnt/c/Users/eddyarias/Sovos/Sovos-Per-Emp/TIC/DataTIC/ISIC-images//ISIC_0053876.jpg,1
/mnt/c/Users/eddyarias/Sovos/Sovos-Per-Emp/TIC/DataTIC/ISIC-images//ISIC_0070932.jpg,1
/mnt/c/Users/eddyarias/Sovos/Sovos-Per-Emp/TIC/DataTIC/ISIC-images//ISIC_0066475.jpg,0
/mnt/c/Users/eddyarias/Sovos/Sovos-Per-Emp/TIC/DataTIC/ISIC-images//ISIC_0063425.jpg,1
/mnt/c/Users/eddyarias/Sovos/Sovos-Per-Emp/TIC/DataTIC/ISIC-images//ISIC_0061523.jpg,0
/mnt/c/Users/eddyarias/Sovos/Sovos-Per-Emp/TIC/DataTIC/ISIC-images//ISIC_0061320.jpg,1
/mnt/c/Users/eddyarias/Sovos/Sovos-Per-Emp/TIC/DataTIC/ISIC-images//ISIC_0073171.jpg,0
/mnt/c/Users/eddyarias/Sovos/Sovos-Per-Emp/TIC/DataTIC/ISIC-images//ISIC_0060089.jpg,0
/mnt/c/Users/eddyarias/Sovos/Sovos-Per-Emp/TIC/DataTIC/ISIC-images//ISIC_0059699.jpg,0
/mnt/c/Users/eddyarias/Sovos/Sovos-Per-Emp/TIC/DataTIC/ISIC-images//ISIC_0055199.jpg,0
/mnt/c/Users/eddyarias/Sovos/Sovos-Per-Emp/TIC/DataTIC/ISIC-images//ISIC_0066379.jpg,1
/mnt/c/Users/eddyarias/Sovos/Sovos-Per-Emp/TIC/DataTIC/ISIC-images//ISIC_0066126.jpg,0
/mnt/c/Users/eddyarias/Sovos/Sovos-Per-Emp/TIC/DataTIC/ISIC-images//ISIC_0067189.jpg,1
/mnt/c/Users/eddyarias/Sovos/Sovos-Per-Emp/TIC/DataTIC/ISIC-images//ISIC_0067415.jpg,1
/mnt/c/Users/eddyarias/Sovos/Sovos-Per-Emp/TIC/DataTIC/ISIC-images//ISIC_0055933.jpg,1
/mnt/c/Users/eddyarias/Sovos/Sovos-Per-Emp/TIC/DataTIC/ISIC-images//ISIC_0059551.jpg,1
